ISO-10303-21;
HEADER;
/* Generated by software containing ST-Developer
 * from STEP Tools, Inc. (www.steptools.com) 
 */
/* OPTION: using custom renumber hook */

FILE_DESCRIPTION(
/* description */ ('STEP AP242 Edition 2',
'CAx-IF Rec.Pracs.---Representation and Presentation of Product Manufa
cturing Information (PMI)---4.0---2014-10-13',
'CAx-IF Rec.Pracs.---3D Tessellated Geometry---0.4---2014-09-14','2;1',
'CAx-IF Rec.Pracs.---User Defined Attributes---1.5---2016-08-15'),
/* implementation_level */ '2;1');

FILE_NAME(
/* name */ '6a7f39475e973b81a0e21a43',
/* time_stamp */ '2026-08-14T15:50:32Z',
/* author */ (''),
/* organization */ (''),
/* preprocessor_version */ 'ST-DEVELOPER v20',
/* originating_system */ 'ONSHAPE BY PTC INC, 1.219',
/* authorisation */ '  ');

FILE_SCHEMA (('AP242_MANAGED_MODEL_BASED_3D_ENGINEERING_MIM_LF { 1 0 10303 442 3 1 4 }'));
ENDSEC;

DATA;
#10=CONTEXT_DEPENDENT_SHAPE_REPRESENTATION(#38,#3260);
#11=CONTEXT_DEPENDENT_SHAPE_REPRESENTATION(#39,#3262);
#12=CONTEXT_DEPENDENT_SHAPE_REPRESENTATION(#40,#3263);
#13=CONTEXT_DEPENDENT_SHAPE_REPRESENTATION(#41,#3265);
#14=CONTEXT_DEPENDENT_SHAPE_REPRESENTATION(#42,#3266);
#15=CONTEXT_DEPENDENT_SHAPE_REPRESENTATION(#43,#3267);
#16=CONTEXT_DEPENDENT_SHAPE_REPRESENTATION(#44,#3268);
#17=CONTEXT_DEPENDENT_SHAPE_REPRESENTATION(#45,#3270);
#18=CONTEXT_DEPENDENT_SHAPE_REPRESENTATION(#46,#3272);
#19=CONTEXT_DEPENDENT_SHAPE_REPRESENTATION(#47,#3273);
#20=CONTEXT_DEPENDENT_SHAPE_REPRESENTATION(#48,#3274);
#21=CONTEXT_DEPENDENT_SHAPE_REPRESENTATION(#49,#3275);
#22=CONTEXT_DEPENDENT_SHAPE_REPRESENTATION(#50,#3276);
#23=CONTEXT_DEPENDENT_SHAPE_REPRESENTATION(#51,#3277);
#24=NEXT_ASSEMBLY_USAGE_OCCURRENCE('NAUO1','Part 1','Part 1',#3278,#3279,
'');
#25=NEXT_ASSEMBLY_USAGE_OCCURRENCE('NAUO2','Part 1','Part 1',#3278,#3280,
'');
#26=NEXT_ASSEMBLY_USAGE_OCCURRENCE('NAUO3','Part 1','Part 1',#3278,#3280,
'');
#27=NEXT_ASSEMBLY_USAGE_OCCURRENCE('NAUO4','Part 1','Part 1',#3278,#3281,
'');
#28=NEXT_ASSEMBLY_USAGE_OCCURRENCE('NAUO5','Part 1','Part 1',#3278,#3281,
'');
#29=NEXT_ASSEMBLY_USAGE_OCCURRENCE('NAUO6','Part 1','Part 1',#3278,#3279,
'');
#30=NEXT_ASSEMBLY_USAGE_OCCURRENCE('NAUO7','Part 1','Part 1',#3278,#3279,
'');
#31=NEXT_ASSEMBLY_USAGE_OCCURRENCE('NAUO8','Part 1','Part 1',#3278,#3282,
'');
#32=NEXT_ASSEMBLY_USAGE_OCCURRENCE('NAUO9','Part 1','Part 1',#3278,#3283,
'');
#33=NEXT_ASSEMBLY_USAGE_OCCURRENCE('NAUO10','Part 1','Part 1',#3278,#3283,
'');
#34=NEXT_ASSEMBLY_USAGE_OCCURRENCE('NAUO11','Part 1','Part 1',#3278,#3281,
'');
#35=NEXT_ASSEMBLY_USAGE_OCCURRENCE('NAUO12','Part 1','Part 1',#3278,#3282,
'');
#36=NEXT_ASSEMBLY_USAGE_OCCURRENCE('NAUO13','Part 1','Part 1',#3278,#3280,
'');
#37=NEXT_ASSEMBLY_USAGE_OCCURRENCE('NAUO14','Part 1','Part 1',#3278,#3283,
'');
#38=(
REPRESENTATION_RELATIONSHIP(' ',' ',#1980,#1979)
REPRESENTATION_RELATIONSHIP_WITH_TRANSFORMATION(#52)
SHAPE_REPRESENTATION_RELATIONSHIP()
);
#39=(
REPRESENTATION_RELATIONSHIP(' ',' ',#1981,#1979)
REPRESENTATION_RELATIONSHIP_WITH_TRANSFORMATION(#53)
SHAPE_REPRESENTATION_RELATIONSHIP()
);
#40=(
REPRESENTATION_RELATIONSHIP(' ',' ',#1981,#1979)
REPRESENTATION_RELATIONSHIP_WITH_TRANSFORMATION(#54)
SHAPE_REPRESENTATION_RELATIONSHIP()
);
#41=(
REPRESENTATION_RELATIONSHIP(' ',' ',#1982,#1979)
REPRESENTATION_RELATIONSHIP_WITH_TRANSFORMATION(#55)
SHAPE_REPRESENTATION_RELATIONSHIP()
);
#42=(
REPRESENTATION_RELATIONSHIP(' ',' ',#1982,#1979)
REPRESENTATION_RELATIONSHIP_WITH_TRANSFORMATION(#56)
SHAPE_REPRESENTATION_RELATIONSHIP()
);
#43=(
REPRESENTATION_RELATIONSHIP(' ',' ',#1980,#1979)
REPRESENTATION_RELATIONSHIP_WITH_TRANSFORMATION(#57)
SHAPE_REPRESENTATION_RELATIONSHIP()
);
#44=(
REPRESENTATION_RELATIONSHIP(' ',' ',#1980,#1979)
REPRESENTATION_RELATIONSHIP_WITH_TRANSFORMATION(#58)
SHAPE_REPRESENTATION_RELATIONSHIP()
);
#45=(
REPRESENTATION_RELATIONSHIP(' ',' ',#1983,#1979)
REPRESENTATION_RELATIONSHIP_WITH_TRANSFORMATION(#59)
SHAPE_REPRESENTATION_RELATIONSHIP()
);
#46=(
REPRESENTATION_RELATIONSHIP(' ',' ',#1984,#1979)
REPRESENTATION_RELATIONSHIP_WITH_TRANSFORMATION(#60)
SHAPE_REPRESENTATION_RELATIONSHIP()
);
#47=(
REPRESENTATION_RELATIONSHIP(' ',' ',#1984,#1979)
REPRESENTATION_RELATIONSHIP_WITH_TRANSFORMATION(#61)
SHAPE_REPRESENTATION_RELATIONSHIP()
);
#48=(
REPRESENTATION_RELATIONSHIP(' ',' ',#1982,#1979)
REPRESENTATION_RELATIONSHIP_WITH_TRANSFORMATION(#62)
SHAPE_REPRESENTATION_RELATIONSHIP()
);
#49=(
REPRESENTATION_RELATIONSHIP(' ',' ',#1983,#1979)
REPRESENTATION_RELATIONSHIP_WITH_TRANSFORMATION(#63)
SHAPE_REPRESENTATION_RELATIONSHIP()
);
#50=(
REPRESENTATION_RELATIONSHIP(' ',' ',#1981,#1979)
REPRESENTATION_RELATIONSHIP_WITH_TRANSFORMATION(#64)
SHAPE_REPRESENTATION_RELATIONSHIP()
);
#51=(
REPRESENTATION_RELATIONSHIP(' ',' ',#1984,#1979)
REPRESENTATION_RELATIONSHIP_WITH_TRANSFORMATION(#65)
SHAPE_REPRESENTATION_RELATIONSHIP()
);
#52=ITEM_DEFINED_TRANSFORMATION(' ',' ',#1985,#2034);
#53=ITEM_DEFINED_TRANSFORMATION(' ',' ',#1985,#2082);
#54=ITEM_DEFINED_TRANSFORMATION(' ',' ',#1985,#2083);
#55=ITEM_DEFINED_TRANSFORMATION(' ',' ',#1985,#2130);
#56=ITEM_DEFINED_TRANSFORMATION(' ',' ',#1985,#2131);
#57=ITEM_DEFINED_TRANSFORMATION(' ',' ',#1985,#2132);
#58=ITEM_DEFINED_TRANSFORMATION(' ',' ',#1985,#2133);
#59=ITEM_DEFINED_TRANSFORMATION(' ',' ',#1985,#2148);
#60=ITEM_DEFINED_TRANSFORMATION(' ',' ',#1985,#2155);
#61=ITEM_DEFINED_TRANSFORMATION(' ',' ',#1985,#2156);
#62=ITEM_DEFINED_TRANSFORMATION(' ',' ',#1985,#2157);
#63=ITEM_DEFINED_TRANSFORMATION(' ',' ',#1985,#2158);
#64=ITEM_DEFINED_TRANSFORMATION(' ',' ',#1985,#2159);
#65=ITEM_DEFINED_TRANSFORMATION(' ',' ',#1985,#2160);
#66=SHAPE_REPRESENTATION_RELATIONSHIP('','',#1980,#71);
#67=SHAPE_REPRESENTATION_RELATIONSHIP('','',#1981,#72);
#68=SHAPE_REPRESENTATION_RELATIONSHIP('','',#1982,#73);
#69=SHAPE_REPRESENTATION_RELATIONSHIP('','',#1983,#74);
#70=SHAPE_REPRESENTATION_RELATIONSHIP('','',#1984,#75);
#71=ADVANCED_BREP_SHAPE_REPRESENTATION('',(#1968),#3244);
#72=ADVANCED_BREP_SHAPE_REPRESENTATION('',(#1969),#3245);
#73=ADVANCED_BREP_SHAPE_REPRESENTATION('',(#1970),#3246);
#74=ADVANCED_BREP_SHAPE_REPRESENTATION('',(#1971),#3247);
#75=ADVANCED_BREP_SHAPE_REPRESENTATION('',(#1972),#3248);
#76=CYLINDRICAL_SURFACE('',#1994,0.005);
#77=CYLINDRICAL_SURFACE('',#1997,0.005);
#78=CYLINDRICAL_SURFACE('',#1999,0.005);
#79=CYLINDRICAL_SURFACE('',#2013,0.003);
#80=CYLINDRICAL_SURFACE('',#2022,0.005);
#81=CYLINDRICAL_SURFACE('',#2025,0.005);
#82=CYLINDRICAL_SURFACE('',#2027,0.005);
#83=CYLINDRICAL_SURFACE('',#2031,0.003);
#84=CYLINDRICAL_SURFACE('',#2048,0.005);
#85=CYLINDRICAL_SURFACE('',#2051,0.002);
#86=CYLINDRICAL_SURFACE('',#2053,0.002);
#87=CYLINDRICAL_SURFACE('',#2055,0.002);
#88=CYLINDRICAL_SURFACE('',#2057,0.012);
#89=CYLINDRICAL_SURFACE('',#2059,0.005);
#90=CYLINDRICAL_SURFACE('',#2061,0.002);
#91=CYLINDRICAL_SURFACE('',#2077,0.003);
#92=CYLINDRICAL_SURFACE('',#2103,0.0033799);
#93=CYLINDRICAL_SURFACE('',#2104,0.0033799);
#94=CYLINDRICAL_SURFACE('',#2105,0.0033799);
#95=CYLINDRICAL_SURFACE('',#2106,0.0033799);
#96=CYLINDRICAL_SURFACE('',#2107,0.0015);
#97=CYLINDRICAL_SURFACE('',#2110,0.0015);
#98=CYLINDRICAL_SURFACE('',#2113,0.0015);
#99=CYLINDRICAL_SURFACE('',#2116,0.0015);
#100=CYLINDRICAL_SURFACE('',#2119,0.012);
#101=CYLINDRICAL_SURFACE('',#2123,0.0035);
#102=CYLINDRICAL_SURFACE('',#2126,0.004);
#103=CIRCLE('',#1988,0.005);
#104=CIRCLE('',#1989,0.005);
#105=CIRCLE('',#1990,0.005);
#106=CIRCLE('',#1995,0.005);
#107=CIRCLE('',#1998,0.005);
#108=CIRCLE('',#2000,0.005);
#109=CIRCLE('',#2002,0.003);
#110=CIRCLE('',#2014,0.003);
#111=CIRCLE('',#2018,0.005);
#112=CIRCLE('',#2019,0.005);
#113=CIRCLE('',#2020,0.005);
#114=CIRCLE('',#2023,0.005);
#115=CIRCLE('',#2026,0.005);
#116=CIRCLE('',#2028,0.005);
#117=CIRCLE('',#2030,0.003);
#118=CIRCLE('',#2032,0.003);
#119=CIRCLE('',#2038,0.012);
#120=CIRCLE('',#2039,0.002);
#121=CIRCLE('',#2040,0.002);
#122=CIRCLE('',#2041,0.002);
#123=CIRCLE('',#2042,0.002);
#124=CIRCLE('',#2043,0.005);
#125=CIRCLE('',#2044,0.005);
#126=CIRCLE('',#2049,0.005);
#127=CIRCLE('',#2052,0.002);
#128=CIRCLE('',#2054,0.002);
#129=CIRCLE('',#2056,0.002);
#130=CIRCLE('',#2058,0.012);
#131=CIRCLE('',#2060,0.005);
#132=CIRCLE('',#2062,0.002);
#133=CIRCLE('',#2064,0.003);
#134=CIRCLE('',#2076,0.003);
#135=CIRCLE('',#2086,0.0033799);
#136=CIRCLE('',#2087,0.0033799);
#137=CIRCLE('',#2088,0.0033799);
#138=CIRCLE('',#2089,0.0033799);
#139=CIRCLE('',#2092,0.012);
#140=CIRCLE('',#2093,0.0015);
#141=CIRCLE('',#2094,0.0015);
#142=CIRCLE('',#2095,0.0015);
#143=CIRCLE('',#2096,0.0015);
#144=CIRCLE('',#2097,0.0033799);
#145=CIRCLE('',#2098,0.0033799);
#146=CIRCLE('',#2099,0.0033799);
#147=CIRCLE('',#2100,0.0033799);
#148=CIRCLE('',#2108,0.0015);
#149=CIRCLE('',#2111,0.0015);
#150=CIRCLE('',#2114,0.0015);
#151=CIRCLE('',#2117,0.0015);
#152=CIRCLE('',#2120,0.012);
#153=CIRCLE('',#2122,0.004);
#154=CIRCLE('',#2124,0.0035);
#155=CIRCLE('',#2125,0.0035);
#156=CIRCLE('',#2127,0.004);
#157=ORIENTED_EDGE('',*,*,#645,.T.);
#158=ORIENTED_EDGE('',*,*,#646,.T.);
#159=ORIENTED_EDGE('',*,*,#647,.F.);
#160=ORIENTED_EDGE('',*,*,#648,.F.);
#161=ORIENTED_EDGE('',*,*,#649,.F.);
#162=ORIENTED_EDGE('',*,*,#650,.F.);
#163=ORIENTED_EDGE('',*,*,#651,.T.);
#164=ORIENTED_EDGE('',*,*,#652,.F.);
#165=ORIENTED_EDGE('',*,*,#653,.T.);
#166=ORIENTED_EDGE('',*,*,#654,.F.);
#167=ORIENTED_EDGE('',*,*,#655,.T.);
#168=ORIENTED_EDGE('',*,*,#656,.F.);
#169=ORIENTED_EDGE('',*,*,#657,.F.);
#170=ORIENTED_EDGE('',*,*,#656,.T.);
#171=ORIENTED_EDGE('',*,*,#658,.T.);
#172=ORIENTED_EDGE('',*,*,#659,.F.);
#173=ORIENTED_EDGE('',*,*,#660,.T.);
#174=ORIENTED_EDGE('',*,*,#661,.F.);
#175=ORIENTED_EDGE('',*,*,#662,.F.);
#176=ORIENTED_EDGE('',*,*,#663,.T.);
#177=ORIENTED_EDGE('',*,*,#662,.T.);
#178=ORIENTED_EDGE('',*,*,#664,.F.);
#179=ORIENTED_EDGE('',*,*,#665,.F.);
#180=ORIENTED_EDGE('',*,*,#652,.T.);
#181=ORIENTED_EDGE('',*,*,#666,.F.);
#182=ORIENTED_EDGE('',*,*,#667,.F.);
#183=ORIENTED_EDGE('',*,*,#668,.T.);
#184=ORIENTED_EDGE('',*,*,#669,.T.);
#185=ORIENTED_EDGE('',*,*,#670,.T.);
#186=ORIENTED_EDGE('',*,*,#671,.F.);
#187=ORIENTED_EDGE('',*,*,#653,.F.);
#188=ORIENTED_EDGE('',*,*,#665,.T.);
#189=ORIENTED_EDGE('',*,*,#672,.F.);
#190=ORIENTED_EDGE('',*,*,#673,.F.);
#191=ORIENTED_EDGE('',*,*,#654,.T.);
#192=ORIENTED_EDGE('',*,*,#671,.T.);
#193=ORIENTED_EDGE('',*,*,#674,.T.);
#194=ORIENTED_EDGE('',*,*,#658,.F.);
#195=ORIENTED_EDGE('',*,*,#655,.F.);
#196=ORIENTED_EDGE('',*,*,#673,.T.);
#197=ORIENTED_EDGE('',*,*,#649,.T.);
#198=ORIENTED_EDGE('',*,*,#675,.F.);
#199=ORIENTED_EDGE('',*,*,#676,.F.);
#200=ORIENTED_EDGE('',*,*,#661,.T.);
#201=ORIENTED_EDGE('',*,*,#677,.T.);
#202=ORIENTED_EDGE('',*,*,#678,.T.);
#203=ORIENTED_EDGE('',*,*,#659,.T.);
#204=ORIENTED_EDGE('',*,*,#674,.F.);
#205=ORIENTED_EDGE('',*,*,#672,.T.);
#206=ORIENTED_EDGE('',*,*,#670,.F.);
#207=ORIENTED_EDGE('',*,*,#664,.T.);
#208=ORIENTED_EDGE('',*,*,#675,.T.);
#209=ORIENTED_EDGE('',*,*,#651,.F.);
#210=ORIENTED_EDGE('',*,*,#679,.F.);
#211=ORIENTED_EDGE('',*,*,#680,.T.);
#212=ORIENTED_EDGE('',*,*,#666,.T.);
#213=ORIENTED_EDGE('',*,*,#681,.T.);
#214=ORIENTED_EDGE('',*,*,#682,.T.);
#215=ORIENTED_EDGE('',*,*,#647,.T.);
#216=ORIENTED_EDGE('',*,*,#683,.F.);
#217=ORIENTED_EDGE('',*,*,#684,.T.);
#218=ORIENTED_EDGE('',*,*,#685,.T.);
#219=ORIENTED_EDGE('',*,*,#686,.F.);
#220=ORIENTED_EDGE('',*,*,#687,.F.);
#221=ORIENTED_EDGE('',*,*,#679,.T.);
#222=ORIENTED_EDGE('',*,*,#650,.T.);
#223=ORIENTED_EDGE('',*,*,#688,.F.);
#224=ORIENTED_EDGE('',*,*,#689,.F.);
#225=ORIENTED_EDGE('',*,*,#678,.F.);
#226=ORIENTED_EDGE('',*,*,#690,.F.);
#227=ORIENTED_EDGE('',*,*,#691,.T.);
#228=ORIENTED_EDGE('',*,*,#688,.T.);
#229=ORIENTED_EDGE('',*,*,#657,.T.);
#230=ORIENTED_EDGE('',*,*,#686,.T.);
#231=ORIENTED_EDGE('',*,*,#692,.F.);
#232=ORIENTED_EDGE('',*,*,#693,.F.);
#233=ORIENTED_EDGE('',*,*,#694,.T.);
#234=ORIENTED_EDGE('',*,*,#695,.F.);
#235=ORIENTED_EDGE('',*,*,#685,.F.);
#236=ORIENTED_EDGE('',*,*,#696,.F.);
#237=ORIENTED_EDGE('',*,*,#697,.T.);
#238=ORIENTED_EDGE('',*,*,#692,.T.);
#239=ORIENTED_EDGE('',*,*,#684,.F.);
#240=ORIENTED_EDGE('',*,*,#698,.F.);
#241=ORIENTED_EDGE('',*,*,#699,.T.);
#242=ORIENTED_EDGE('',*,*,#696,.T.);
#243=ORIENTED_EDGE('',*,*,#682,.F.);
#244=ORIENTED_EDGE('',*,*,#700,.F.);
#245=ORIENTED_EDGE('',*,*,#701,.T.);
#246=ORIENTED_EDGE('',*,*,#648,.T.);
#247=ORIENTED_EDGE('',*,*,#700,.T.);
#248=ORIENTED_EDGE('',*,*,#681,.F.);
#249=ORIENTED_EDGE('',*,*,#702,.F.);
#250=ORIENTED_EDGE('',*,*,#703,.T.);
#251=ORIENTED_EDGE('',*,*,#689,.T.);
#252=ORIENTED_EDGE('',*,*,#691,.F.);
#253=ORIENTED_EDGE('',*,*,#704,.F.);
#254=ORIENTED_EDGE('',*,*,#702,.T.);
#255=ORIENTED_EDGE('',*,*,#645,.F.);
#256=ORIENTED_EDGE('',*,*,#701,.F.);
#257=ORIENTED_EDGE('',*,*,#703,.F.);
#258=ORIENTED_EDGE('',*,*,#704,.T.);
#259=ORIENTED_EDGE('',*,*,#690,.T.);
#260=ORIENTED_EDGE('',*,*,#677,.F.);
#261=ORIENTED_EDGE('',*,*,#660,.F.);
#262=ORIENTED_EDGE('',*,*,#705,.T.);
#263=ORIENTED_EDGE('',*,*,#693,.T.);
#264=ORIENTED_EDGE('',*,*,#697,.F.);
#265=ORIENTED_EDGE('',*,*,#699,.F.);
#266=ORIENTED_EDGE('',*,*,#706,.T.);
#267=ORIENTED_EDGE('',*,*,#707,.T.);
#268=ORIENTED_EDGE('',*,*,#676,.T.);
#269=ORIENTED_EDGE('',*,*,#707,.F.);
#270=ORIENTED_EDGE('',*,*,#683,.T.);
#271=ORIENTED_EDGE('',*,*,#646,.F.);
#272=ORIENTED_EDGE('',*,*,#706,.F.);
#273=ORIENTED_EDGE('',*,*,#698,.T.);
#274=ORIENTED_EDGE('',*,*,#708,.T.);
#275=ORIENTED_EDGE('',*,*,#687,.T.);
#276=ORIENTED_EDGE('',*,*,#709,.T.);
#277=ORIENTED_EDGE('',*,*,#710,.F.);
#278=ORIENTED_EDGE('',*,*,#711,.T.);
#279=ORIENTED_EDGE('',*,*,#712,.F.);
#280=ORIENTED_EDGE('',*,*,#667,.T.);
#281=ORIENTED_EDGE('',*,*,#680,.F.);
#282=ORIENTED_EDGE('',*,*,#695,.T.);
#283=ORIENTED_EDGE('',*,*,#713,.T.);
#284=ORIENTED_EDGE('',*,*,#714,.F.);
#285=ORIENTED_EDGE('',*,*,#709,.F.);
#286=ORIENTED_EDGE('',*,*,#715,.F.);
#287=ORIENTED_EDGE('',*,*,#668,.F.);
#288=ORIENTED_EDGE('',*,*,#712,.T.);
#289=ORIENTED_EDGE('',*,*,#716,.T.);
#290=ORIENTED_EDGE('',*,*,#717,.T.);
#291=ORIENTED_EDGE('',*,*,#716,.F.);
#292=ORIENTED_EDGE('',*,*,#711,.F.);
#293=ORIENTED_EDGE('',*,*,#718,.T.);
#294=ORIENTED_EDGE('',*,*,#719,.F.);
#295=ORIENTED_EDGE('',*,*,#718,.F.);
#296=ORIENTED_EDGE('',*,*,#710,.T.);
#297=ORIENTED_EDGE('',*,*,#714,.T.);
#298=ORIENTED_EDGE('',*,*,#708,.F.);
#299=ORIENTED_EDGE('',*,*,#720,.T.);
#300=ORIENTED_EDGE('',*,*,#721,.T.);
#301=ORIENTED_EDGE('',*,*,#663,.F.);
#302=ORIENTED_EDGE('',*,*,#669,.F.);
#303=ORIENTED_EDGE('',*,*,#715,.T.);
#304=ORIENTED_EDGE('',*,*,#717,.F.);
#305=ORIENTED_EDGE('',*,*,#719,.T.);
#306=ORIENTED_EDGE('',*,*,#713,.F.);
#307=ORIENTED_EDGE('',*,*,#694,.F.);
#308=ORIENTED_EDGE('',*,*,#705,.F.);
#309=ORIENTED_EDGE('',*,*,#720,.F.);
#310=ORIENTED_EDGE('',*,*,#722,.F.);
#311=ORIENTED_EDGE('',*,*,#721,.F.);
#312=ORIENTED_EDGE('',*,*,#722,.T.);
#313=ORIENTED_EDGE('',*,*,#723,.T.);
#314=ORIENTED_EDGE('',*,*,#724,.T.);
#315=ORIENTED_EDGE('',*,*,#725,.T.);
#316=ORIENTED_EDGE('',*,*,#726,.T.);
#317=ORIENTED_EDGE('',*,*,#727,.F.);
#318=ORIENTED_EDGE('',*,*,#728,.F.);
#319=ORIENTED_EDGE('',*,*,#729,.T.);
#320=ORIENTED_EDGE('',*,*,#730,.F.);
#321=ORIENTED_EDGE('',*,*,#731,.F.);
#322=ORIENTED_EDGE('',*,*,#732,.F.);
#323=ORIENTED_EDGE('',*,*,#733,.T.);
#324=ORIENTED_EDGE('',*,*,#734,.T.);
#325=ORIENTED_EDGE('',*,*,#735,.F.);
#326=ORIENTED_EDGE('',*,*,#736,.F.);
#327=ORIENTED_EDGE('',*,*,#737,.T.);
#328=ORIENTED_EDGE('',*,*,#738,.F.);
#329=ORIENTED_EDGE('',*,*,#725,.F.);
#330=ORIENTED_EDGE('',*,*,#739,.T.);
#331=ORIENTED_EDGE('',*,*,#740,.T.);
#332=ORIENTED_EDGE('',*,*,#741,.F.);
#333=ORIENTED_EDGE('',*,*,#737,.F.);
#334=ORIENTED_EDGE('',*,*,#742,.F.);
#335=ORIENTED_EDGE('',*,*,#743,.F.);
#336=ORIENTED_EDGE('',*,*,#744,.F.);
#337=ORIENTED_EDGE('',*,*,#745,.T.);
#338=ORIENTED_EDGE('',*,*,#746,.F.);
#339=ORIENTED_EDGE('',*,*,#747,.F.);
#340=ORIENTED_EDGE('',*,*,#748,.F.);
#341=ORIENTED_EDGE('',*,*,#749,.F.);
#342=ORIENTED_EDGE('',*,*,#750,.F.);
#343=ORIENTED_EDGE('',*,*,#751,.F.);
#344=ORIENTED_EDGE('',*,*,#752,.F.);
#345=ORIENTED_EDGE('',*,*,#753,.T.);
#346=ORIENTED_EDGE('',*,*,#754,.F.);
#347=ORIENTED_EDGE('',*,*,#755,.T.);
#348=ORIENTED_EDGE('',*,*,#756,.F.);
#349=ORIENTED_EDGE('',*,*,#757,.T.);
#350=ORIENTED_EDGE('',*,*,#758,.F.);
#351=ORIENTED_EDGE('',*,*,#759,.F.);
#352=ORIENTED_EDGE('',*,*,#758,.T.);
#353=ORIENTED_EDGE('',*,*,#760,.T.);
#354=ORIENTED_EDGE('',*,*,#761,.F.);
#355=ORIENTED_EDGE('',*,*,#762,.F.);
#356=ORIENTED_EDGE('',*,*,#763,.F.);
#357=ORIENTED_EDGE('',*,*,#742,.T.);
#358=ORIENTED_EDGE('',*,*,#736,.T.);
#359=ORIENTED_EDGE('',*,*,#764,.F.);
#360=ORIENTED_EDGE('',*,*,#765,.F.);
#361=ORIENTED_EDGE('',*,*,#754,.T.);
#362=ORIENTED_EDGE('',*,*,#766,.F.);
#363=ORIENTED_EDGE('',*,*,#743,.T.);
#364=ORIENTED_EDGE('',*,*,#763,.T.);
#365=ORIENTED_EDGE('',*,*,#767,.T.);
#366=ORIENTED_EDGE('',*,*,#768,.F.);
#367=ORIENTED_EDGE('',*,*,#755,.F.);
#368=ORIENTED_EDGE('',*,*,#765,.T.);
#369=ORIENTED_EDGE('',*,*,#769,.F.);
#370=ORIENTED_EDGE('',*,*,#770,.F.);
#371=ORIENTED_EDGE('',*,*,#756,.T.);
#372=ORIENTED_EDGE('',*,*,#768,.T.);
#373=ORIENTED_EDGE('',*,*,#750,.T.);
#374=ORIENTED_EDGE('',*,*,#771,.F.);
#375=ORIENTED_EDGE('',*,*,#749,.T.);
#376=ORIENTED_EDGE('',*,*,#772,.F.);
#377=ORIENTED_EDGE('',*,*,#748,.T.);
#378=ORIENTED_EDGE('',*,*,#773,.F.);
#379=ORIENTED_EDGE('',*,*,#747,.T.);
#380=ORIENTED_EDGE('',*,*,#774,.F.);
#381=ORIENTED_EDGE('',*,*,#775,.T.);
#382=ORIENTED_EDGE('',*,*,#760,.F.);
#383=ORIENTED_EDGE('',*,*,#757,.F.);
#384=ORIENTED_EDGE('',*,*,#770,.T.);
#385=ORIENTED_EDGE('',*,*,#751,.T.);
#386=ORIENTED_EDGE('',*,*,#776,.F.);
#387=ORIENTED_EDGE('',*,*,#777,.F.);
#388=ORIENTED_EDGE('',*,*,#762,.T.);
#389=ORIENTED_EDGE('',*,*,#735,.T.);
#390=ORIENTED_EDGE('',*,*,#778,.T.);
#391=ORIENTED_EDGE('',*,*,#761,.T.);
#392=ORIENTED_EDGE('',*,*,#775,.F.);
#393=ORIENTED_EDGE('',*,*,#769,.T.);
#394=ORIENTED_EDGE('',*,*,#767,.F.);
#395=ORIENTED_EDGE('',*,*,#764,.T.);
#396=ORIENTED_EDGE('',*,*,#774,.T.);
#397=ORIENTED_EDGE('',*,*,#773,.T.);
#398=ORIENTED_EDGE('',*,*,#772,.T.);
#399=ORIENTED_EDGE('',*,*,#771,.T.);
#400=ORIENTED_EDGE('',*,*,#776,.T.);
#401=ORIENTED_EDGE('',*,*,#753,.F.);
#402=ORIENTED_EDGE('',*,*,#779,.F.);
#403=ORIENTED_EDGE('',*,*,#744,.T.);
#404=ORIENTED_EDGE('',*,*,#766,.T.);
#405=ORIENTED_EDGE('',*,*,#780,.F.);
#406=ORIENTED_EDGE('',*,*,#745,.F.);
#407=ORIENTED_EDGE('',*,*,#779,.T.);
#408=ORIENTED_EDGE('',*,*,#752,.T.);
#409=ORIENTED_EDGE('',*,*,#781,.F.);
#410=ORIENTED_EDGE('',*,*,#782,.F.);
#411=ORIENTED_EDGE('',*,*,#783,.T.);
#412=ORIENTED_EDGE('',*,*,#784,.T.);
#413=ORIENTED_EDGE('',*,*,#785,.T.);
#414=ORIENTED_EDGE('',*,*,#786,.F.);
#415=ORIENTED_EDGE('',*,*,#787,.T.);
#416=ORIENTED_EDGE('',*,*,#788,.T.);
#417=ORIENTED_EDGE('',*,*,#781,.T.);
#418=ORIENTED_EDGE('',*,*,#759,.T.);
#419=ORIENTED_EDGE('',*,*,#778,.F.);
#420=ORIENTED_EDGE('',*,*,#734,.F.);
#421=ORIENTED_EDGE('',*,*,#789,.T.);
#422=ORIENTED_EDGE('',*,*,#780,.T.);
#423=ORIENTED_EDGE('',*,*,#790,.F.);
#424=ORIENTED_EDGE('',*,*,#726,.F.);
#425=ORIENTED_EDGE('',*,*,#746,.T.);
#426=ORIENTED_EDGE('',*,*,#788,.F.);
#427=ORIENTED_EDGE('',*,*,#791,.F.);
#428=ORIENTED_EDGE('',*,*,#727,.T.);
#429=ORIENTED_EDGE('',*,*,#790,.T.);
#430=ORIENTED_EDGE('',*,*,#787,.F.);
#431=ORIENTED_EDGE('',*,*,#792,.F.);
#432=ORIENTED_EDGE('',*,*,#728,.T.);
#433=ORIENTED_EDGE('',*,*,#791,.T.);
#434=ORIENTED_EDGE('',*,*,#786,.T.);
#435=ORIENTED_EDGE('',*,*,#793,.F.);
#436=ORIENTED_EDGE('',*,*,#729,.F.);
#437=ORIENTED_EDGE('',*,*,#792,.T.);
#438=ORIENTED_EDGE('',*,*,#785,.F.);
#439=ORIENTED_EDGE('',*,*,#794,.F.);
#440=ORIENTED_EDGE('',*,*,#730,.T.);
#441=ORIENTED_EDGE('',*,*,#793,.T.);
#442=ORIENTED_EDGE('',*,*,#784,.F.);
#443=ORIENTED_EDGE('',*,*,#795,.F.);
#444=ORIENTED_EDGE('',*,*,#731,.T.);
#445=ORIENTED_EDGE('',*,*,#794,.T.);
#446=ORIENTED_EDGE('',*,*,#783,.F.);
#447=ORIENTED_EDGE('',*,*,#796,.F.);
#448=ORIENTED_EDGE('',*,*,#732,.T.);
#449=ORIENTED_EDGE('',*,*,#795,.T.);
#450=ORIENTED_EDGE('',*,*,#797,.T.);
#451=ORIENTED_EDGE('',*,*,#782,.T.);
#452=ORIENTED_EDGE('',*,*,#789,.F.);
#453=ORIENTED_EDGE('',*,*,#733,.F.);
#454=ORIENTED_EDGE('',*,*,#796,.T.);
#455=ORIENTED_EDGE('',*,*,#777,.T.);
#456=ORIENTED_EDGE('',*,*,#797,.F.);
#457=ORIENTED_EDGE('',*,*,#739,.F.);
#458=ORIENTED_EDGE('',*,*,#724,.F.);
#459=ORIENTED_EDGE('',*,*,#798,.T.);
#460=ORIENTED_EDGE('',*,*,#799,.T.);
#461=ORIENTED_EDGE('',*,*,#741,.T.);
#462=ORIENTED_EDGE('',*,*,#800,.F.);
#463=ORIENTED_EDGE('',*,*,#801,.F.);
#464=ORIENTED_EDGE('',*,*,#738,.T.);
#465=ORIENTED_EDGE('',*,*,#740,.F.);
#466=ORIENTED_EDGE('',*,*,#799,.F.);
#467=ORIENTED_EDGE('',*,*,#802,.T.);
#468=ORIENTED_EDGE('',*,*,#800,.T.);
#469=ORIENTED_EDGE('',*,*,#798,.F.);
#470=ORIENTED_EDGE('',*,*,#723,.F.);
#471=ORIENTED_EDGE('',*,*,#801,.T.);
#472=ORIENTED_EDGE('',*,*,#802,.F.);
#473=ORIENTED_EDGE('',*,*,#803,.T.);
#474=ORIENTED_EDGE('',*,*,#804,.T.);
#475=ORIENTED_EDGE('',*,*,#805,.F.);
#476=ORIENTED_EDGE('',*,*,#806,.T.);
#477=ORIENTED_EDGE('',*,*,#805,.T.);
#478=ORIENTED_EDGE('',*,*,#807,.T.);
#479=ORIENTED_EDGE('',*,*,#808,.T.);
#480=ORIENTED_EDGE('',*,*,#809,.T.);
#481=ORIENTED_EDGE('',*,*,#810,.F.);
#482=ORIENTED_EDGE('',*,*,#811,.T.);
#483=ORIENTED_EDGE('',*,*,#812,.F.);
#484=ORIENTED_EDGE('',*,*,#813,.T.);
#485=ORIENTED_EDGE('',*,*,#810,.T.);
#486=ORIENTED_EDGE('',*,*,#814,.T.);
#487=ORIENTED_EDGE('',*,*,#815,.F.);
#488=ORIENTED_EDGE('',*,*,#816,.T.);
#489=ORIENTED_EDGE('',*,*,#817,.F.);
#490=ORIENTED_EDGE('',*,*,#818,.F.);
#491=ORIENTED_EDGE('',*,*,#819,.F.);
#492=ORIENTED_EDGE('',*,*,#820,.F.);
#493=ORIENTED_EDGE('',*,*,#821,.F.);
#494=ORIENTED_EDGE('',*,*,#822,.F.);
#495=ORIENTED_EDGE('',*,*,#823,.T.);
#496=ORIENTED_EDGE('',*,*,#803,.F.);
#497=ORIENTED_EDGE('',*,*,#824,.T.);
#498=ORIENTED_EDGE('',*,*,#825,.T.);
#499=ORIENTED_EDGE('',*,*,#826,.T.);
#500=ORIENTED_EDGE('',*,*,#815,.T.);
#501=ORIENTED_EDGE('',*,*,#827,.T.);
#502=ORIENTED_EDGE('',*,*,#825,.F.);
#503=ORIENTED_EDGE('',*,*,#828,.T.);
#504=ORIENTED_EDGE('',*,*,#812,.T.);
#505=ORIENTED_EDGE('',*,*,#829,.T.);
#506=ORIENTED_EDGE('',*,*,#808,.F.);
#507=ORIENTED_EDGE('',*,*,#830,.T.);
#508=ORIENTED_EDGE('',*,*,#822,.T.);
#509=ORIENTED_EDGE('',*,*,#831,.T.);
#510=ORIENTED_EDGE('',*,*,#807,.F.);
#511=ORIENTED_EDGE('',*,*,#804,.F.);
#512=ORIENTED_EDGE('',*,*,#823,.F.);
#513=ORIENTED_EDGE('',*,*,#830,.F.);
#514=ORIENTED_EDGE('',*,*,#813,.F.);
#515=ORIENTED_EDGE('',*,*,#828,.F.);
#516=ORIENTED_EDGE('',*,*,#824,.F.);
#517=ORIENTED_EDGE('',*,*,#806,.F.);
#518=ORIENTED_EDGE('',*,*,#809,.F.);
#519=ORIENTED_EDGE('',*,*,#831,.F.);
#520=ORIENTED_EDGE('',*,*,#827,.F.);
#521=ORIENTED_EDGE('',*,*,#814,.F.);
#522=ORIENTED_EDGE('',*,*,#811,.F.);
#523=ORIENTED_EDGE('',*,*,#816,.F.);
#524=ORIENTED_EDGE('',*,*,#826,.F.);
#525=ORIENTED_EDGE('',*,*,#829,.F.);
#526=ORIENTED_EDGE('',*,*,#832,.F.);
#527=ORIENTED_EDGE('',*,*,#821,.T.);
#528=ORIENTED_EDGE('',*,*,#832,.T.);
#529=ORIENTED_EDGE('',*,*,#833,.F.);
#530=ORIENTED_EDGE('',*,*,#820,.T.);
#531=ORIENTED_EDGE('',*,*,#833,.T.);
#532=ORIENTED_EDGE('',*,*,#834,.F.);
#533=ORIENTED_EDGE('',*,*,#819,.T.);
#534=ORIENTED_EDGE('',*,*,#834,.T.);
#535=ORIENTED_EDGE('',*,*,#835,.F.);
#536=ORIENTED_EDGE('',*,*,#818,.T.);
#537=ORIENTED_EDGE('',*,*,#835,.T.);
#538=ORIENTED_EDGE('',*,*,#836,.F.);
#539=ORIENTED_EDGE('',*,*,#817,.T.);
#540=ORIENTED_EDGE('',*,*,#837,.F.);
#541=ORIENTED_EDGE('',*,*,#836,.T.);
#542=ORIENTED_EDGE('',*,*,#838,.T.);
#543=ORIENTED_EDGE('',*,*,#839,.F.);
#544=ORIENTED_EDGE('',*,*,#840,.F.);
#545=ORIENTED_EDGE('',*,*,#837,.T.);
#546=ORIENTED_EDGE('',*,*,#838,.F.);
#547=ORIENTED_EDGE('',*,*,#840,.T.);
#548=ORIENTED_EDGE('',*,*,#839,.T.);
#549=ORIENTED_EDGE('',*,*,#841,.F.);
#550=ORIENTED_EDGE('',*,*,#842,.F.);
#551=ORIENTED_EDGE('',*,*,#843,.T.);
#552=ORIENTED_EDGE('',*,*,#844,.T.);
#553=ORIENTED_EDGE('',*,*,#845,.F.);
#554=ORIENTED_EDGE('',*,*,#846,.T.);
#555=ORIENTED_EDGE('',*,*,#847,.F.);
#556=ORIENTED_EDGE('',*,*,#848,.F.);
#557=ORIENTED_EDGE('',*,*,#849,.T.);
#558=ORIENTED_EDGE('',*,*,#842,.T.);
#559=ORIENTED_EDGE('',*,*,#850,.F.);
#560=ORIENTED_EDGE('',*,*,#851,.F.);
#561=ORIENTED_EDGE('',*,*,#852,.F.);
#562=ORIENTED_EDGE('',*,*,#853,.F.);
#563=ORIENTED_EDGE('',*,*,#854,.F.);
#564=ORIENTED_EDGE('',*,*,#855,.F.);
#565=ORIENTED_EDGE('',*,*,#856,.T.);
#566=ORIENTED_EDGE('',*,*,#857,.T.);
#567=ORIENTED_EDGE('',*,*,#844,.F.);
#568=ORIENTED_EDGE('',*,*,#858,.F.);
#569=ORIENTED_EDGE('',*,*,#859,.T.);
#570=ORIENTED_EDGE('',*,*,#860,.T.);
#571=ORIENTED_EDGE('',*,*,#861,.F.);
#572=ORIENTED_EDGE('',*,*,#862,.T.);
#573=ORIENTED_EDGE('',*,*,#863,.T.);
#574=ORIENTED_EDGE('',*,*,#864,.T.);
#575=ORIENTED_EDGE('',*,*,#865,.T.);
#576=ORIENTED_EDGE('',*,*,#866,.T.);
#577=ORIENTED_EDGE('',*,*,#843,.F.);
#578=ORIENTED_EDGE('',*,*,#849,.F.);
#579=ORIENTED_EDGE('',*,*,#867,.T.);
#580=ORIENTED_EDGE('',*,*,#858,.T.);
#581=ORIENTED_EDGE('',*,*,#868,.T.);
#582=ORIENTED_EDGE('',*,*,#860,.F.);
#583=ORIENTED_EDGE('',*,*,#869,.F.);
#584=ORIENTED_EDGE('',*,*,#847,.T.);
#585=ORIENTED_EDGE('',*,*,#867,.F.);
#586=ORIENTED_EDGE('',*,*,#848,.T.);
#587=ORIENTED_EDGE('',*,*,#869,.T.);
#588=ORIENTED_EDGE('',*,*,#859,.F.);
#589=ORIENTED_EDGE('',*,*,#846,.F.);
#590=ORIENTED_EDGE('',*,*,#870,.T.);
#591=ORIENTED_EDGE('',*,*,#861,.T.);
#592=ORIENTED_EDGE('',*,*,#868,.F.);
#593=ORIENTED_EDGE('',*,*,#845,.T.);
#594=ORIENTED_EDGE('',*,*,#871,.T.);
#595=ORIENTED_EDGE('',*,*,#862,.F.);
#596=ORIENTED_EDGE('',*,*,#870,.F.);
#597=ORIENTED_EDGE('',*,*,#850,.T.);
#598=ORIENTED_EDGE('',*,*,#841,.T.);
#599=ORIENTED_EDGE('',*,*,#857,.F.);
#600=ORIENTED_EDGE('',*,*,#872,.F.);
#601=ORIENTED_EDGE('',*,*,#855,.T.);
#602=ORIENTED_EDGE('',*,*,#873,.T.);
#603=ORIENTED_EDGE('',*,*,#863,.F.);
#604=ORIENTED_EDGE('',*,*,#871,.F.);
#605=ORIENTED_EDGE('',*,*,#851,.T.);
#606=ORIENTED_EDGE('',*,*,#872,.T.);
#607=ORIENTED_EDGE('',*,*,#856,.F.);
#608=ORIENTED_EDGE('',*,*,#874,.F.);
#609=ORIENTED_EDGE('',*,*,#852,.T.);
#610=ORIENTED_EDGE('',*,*,#874,.T.);
#611=ORIENTED_EDGE('',*,*,#866,.F.);
#612=ORIENTED_EDGE('',*,*,#875,.F.);
#613=ORIENTED_EDGE('',*,*,#853,.T.);
#614=ORIENTED_EDGE('',*,*,#875,.T.);
#615=ORIENTED_EDGE('',*,*,#865,.F.);
#616=ORIENTED_EDGE('',*,*,#876,.F.);
#617=ORIENTED_EDGE('',*,*,#854,.T.);
#618=ORIENTED_EDGE('',*,*,#876,.T.);
#619=ORIENTED_EDGE('',*,*,#864,.F.);
#620=ORIENTED_EDGE('',*,*,#873,.F.);
#621=ORIENTED_EDGE('',*,*,#877,.T.);
#622=ORIENTED_EDGE('',*,*,#878,.F.);
#623=ORIENTED_EDGE('',*,*,#879,.F.);
#624=ORIENTED_EDGE('',*,*,#880,.T.);
#625=ORIENTED_EDGE('',*,*,#881,.T.);
#626=ORIENTED_EDGE('',*,*,#880,.F.);
#627=ORIENTED_EDGE('',*,*,#882,.F.);
#628=ORIENTED_EDGE('',*,*,#883,.T.);
#629=ORIENTED_EDGE('',*,*,#884,.T.);
#630=ORIENTED_EDGE('',*,*,#883,.F.);
#631=ORIENTED_EDGE('',*,*,#885,.F.);
#632=ORIENTED_EDGE('',*,*,#886,.T.);
#633=ORIENTED_EDGE('',*,*,#887,.T.);
#634=ORIENTED_EDGE('',*,*,#886,.F.);
#635=ORIENTED_EDGE('',*,*,#888,.F.);
#636=ORIENTED_EDGE('',*,*,#878,.T.);
#637=ORIENTED_EDGE('',*,*,#879,.T.);
#638=ORIENTED_EDGE('',*,*,#888,.T.);
#639=ORIENTED_EDGE('',*,*,#885,.T.);
#640=ORIENTED_EDGE('',*,*,#882,.T.);
#641=ORIENTED_EDGE('',*,*,#877,.F.);
#642=ORIENTED_EDGE('',*,*,#881,.F.);
#643=ORIENTED_EDGE('',*,*,#884,.F.);
#644=ORIENTED_EDGE('',*,*,#887,.F.);
#645=EDGE_CURVE('',#889,#890,#1062,.T.);
#646=EDGE_CURVE('',#890,#891,#1063,.T.);
#647=EDGE_CURVE('',#892,#891,#1064,.T.);
#648=EDGE_CURVE('',#889,#892,#1065,.T.);
#649=EDGE_CURVE('',#893,#893,#103,.T.);
#650=EDGE_CURVE('',#894,#895,#1066,.T.);
#651=EDGE_CURVE('',#894,#896,#1067,.T.);
#652=EDGE_CURVE('',#897,#896,#1068,.T.);
#653=EDGE_CURVE('',#897,#898,#104,.T.);
#654=EDGE_CURVE('',#899,#898,#1069,.T.);
#655=EDGE_CURVE('',#899,#900,#105,.T.);
#656=EDGE_CURVE('',#895,#900,#1070,.T.);
#657=EDGE_CURVE('',#895,#901,#1071,.T.);
#658=EDGE_CURVE('',#900,#902,#1072,.T.);
#659=EDGE_CURVE('',#901,#902,#1073,.T.);
#660=EDGE_CURVE('',#903,#904,#1074,.T.);
#661=EDGE_CURVE('',#905,#904,#1075,.T.);
#662=EDGE_CURVE('',#906,#905,#1076,.T.);
#663=EDGE_CURVE('',#906,#903,#1077,.T.);
#664=EDGE_CURVE('',#907,#905,#1078,.T.);
#665=EDGE_CURVE('',#897,#907,#1079,.T.);
#666=EDGE_CURVE('',#908,#896,#1080,.T.);
#667=EDGE_CURVE('',#909,#908,#1081,.T.);
#668=EDGE_CURVE('',#909,#910,#1082,.T.);
#669=EDGE_CURVE('',#910,#906,#1083,.T.);
#670=EDGE_CURVE('',#907,#911,#106,.T.);
#671=EDGE_CURVE('',#898,#911,#1084,.T.);
#672=EDGE_CURVE('',#912,#911,#1085,.T.);
#673=EDGE_CURVE('',#899,#912,#1086,.T.);
#674=EDGE_CURVE('',#912,#902,#107,.T.);
#675=EDGE_CURVE('',#913,#913,#108,.T.);
#676=EDGE_CURVE('',#914,#914,#109,.T.);
#677=EDGE_CURVE('',#904,#915,#1087,.T.);
#678=EDGE_CURVE('',#915,#901,#1088,.T.);
#679=EDGE_CURVE('',#916,#894,#1089,.T.);
#680=EDGE_CURVE('',#916,#908,#1090,.T.);
#681=EDGE_CURVE('',#917,#918,#1091,.T.);
#682=EDGE_CURVE('',#918,#892,#1092,.T.);
#683=EDGE_CURVE('',#919,#891,#1093,.T.);
#684=EDGE_CURVE('',#919,#920,#1094,.T.);
#685=EDGE_CURVE('',#920,#921,#1095,.T.);
#686=EDGE_CURVE('',#922,#921,#1096,.T.);
#687=EDGE_CURVE('',#916,#922,#1097,.T.);
#688=EDGE_CURVE('',#923,#895,#1098,.T.);
#689=EDGE_CURVE('',#917,#923,#1099,.T.);
#690=EDGE_CURVE('',#924,#915,#1100,.T.);
#691=EDGE_CURVE('',#924,#923,#1101,.T.);
#692=EDGE_CURVE('',#925,#921,#1102,.T.);
#693=EDGE_CURVE('',#926,#925,#1103,.T.);
#694=EDGE_CURVE('',#926,#927,#1104,.T.);
#695=EDGE_CURVE('',#922,#927,#1105,.T.);
#696=EDGE_CURVE('',#928,#920,#1106,.T.);
#697=EDGE_CURVE('',#928,#925,#1107,.T.);
#698=EDGE_CURVE('',#929,#919,#1108,.T.);
#699=EDGE_CURVE('',#929,#928,#1109,.T.);
#700=EDGE_CURVE('',#930,#918,#1110,.T.);
#701=EDGE_CURVE('',#930,#889,#1111,.T.);
#702=EDGE_CURVE('',#931,#917,#1112,.T.);
#703=EDGE_CURVE('',#931,#930,#1113,.T.);
#704=EDGE_CURVE('',#931,#924,#1114,.T.);
#705=EDGE_CURVE('',#903,#926,#1115,.T.);
#706=EDGE_CURVE('',#929,#890,#1116,.T.);
#707=EDGE_CURVE('',#932,#932,#110,.F.);
#708=EDGE_CURVE('',#933,#933,#111,.T.);
#709=EDGE_CURVE('',#922,#934,#1117,.T.);
#710=EDGE_CURVE('',#935,#934,#112,.T.);
#711=EDGE_CURVE('',#935,#936,#1118,.T.);
#712=EDGE_CURVE('',#909,#936,#113,.T.);
#713=EDGE_CURVE('',#927,#937,#1119,.T.);
#714=EDGE_CURVE('',#934,#937,#1120,.T.);
#715=EDGE_CURVE('',#910,#938,#114,.T.);
#716=EDGE_CURVE('',#936,#938,#1121,.T.);
#717=EDGE_CURVE('',#939,#938,#1122,.T.);
#718=EDGE_CURVE('',#935,#939,#1123,.T.);
#719=EDGE_CURVE('',#939,#937,#115,.T.);
#720=EDGE_CURVE('',#940,#940,#116,.T.);
#721=EDGE_CURVE('',#941,#941,#117,.T.);
#722=EDGE_CURVE('',#942,#942,#118,.T.);
#723=EDGE_CURVE('',#943,#944,#1124,.T.);
#724=EDGE_CURVE('',#944,#945,#1125,.T.);
#725=EDGE_CURVE('',#945,#946,#1126,.T.);
#726=EDGE_CURVE('',#946,#947,#1127,.T.);
#727=EDGE_CURVE('',#948,#947,#1128,.T.);
#728=EDGE_CURVE('',#949,#948,#1129,.T.);
#729=EDGE_CURVE('',#949,#950,#1130,.T.);
#730=EDGE_CURVE('',#951,#950,#1131,.T.);
#731=EDGE_CURVE('',#952,#951,#1132,.T.);
#732=EDGE_CURVE('',#953,#952,#1133,.T.);
#733=EDGE_CURVE('',#953,#954,#1134,.T.);
#734=EDGE_CURVE('',#954,#955,#1135,.T.);
#735=EDGE_CURVE('',#956,#955,#1136,.T.);
#736=EDGE_CURVE('',#957,#956,#1137,.T.);
#737=EDGE_CURVE('',#957,#958,#1138,.T.);
#738=EDGE_CURVE('',#943,#958,#1139,.T.);
#739=EDGE_CURVE('',#945,#959,#1140,.T.);
#740=EDGE_CURVE('',#959,#960,#1141,.T.);
#741=EDGE_CURVE('',#958,#960,#1142,.T.);
#742=EDGE_CURVE('',#961,#957,#1143,.T.);
#743=EDGE_CURVE('',#962,#961,#1144,.T.);
#744=EDGE_CURVE('',#963,#962,#1145,.T.);
#745=EDGE_CURVE('',#963,#964,#1146,.T.);
#746=EDGE_CURVE('',#946,#964,#1147,.T.);
#747=EDGE_CURVE('',#965,#965,#119,.T.);
#748=EDGE_CURVE('',#966,#966,#120,.T.);
#749=EDGE_CURVE('',#967,#967,#121,.T.);
#750=EDGE_CURVE('',#968,#968,#122,.T.);
#751=EDGE_CURVE('',#969,#969,#123,.T.);
#752=EDGE_CURVE('',#970,#971,#1148,.T.);
#753=EDGE_CURVE('',#970,#972,#1149,.T.);
#754=EDGE_CURVE('',#973,#972,#1150,.T.);
#755=EDGE_CURVE('',#973,#974,#124,.T.);
#756=EDGE_CURVE('',#975,#974,#1151,.T.);
#757=EDGE_CURVE('',#975,#976,#125,.T.);
#758=EDGE_CURVE('',#971,#976,#1152,.T.);
#759=EDGE_CURVE('',#971,#977,#1153,.T.);
#760=EDGE_CURVE('',#976,#978,#1154,.T.);
#761=EDGE_CURVE('',#977,#978,#1155,.T.);
#762=EDGE_CURVE('',#979,#956,#1156,.T.);
#763=EDGE_CURVE('',#961,#979,#1157,.T.);
#764=EDGE_CURVE('',#980,#979,#1158,.T.);
#765=EDGE_CURVE('',#973,#980,#1159,.T.);
#766=EDGE_CURVE('',#962,#972,#1160,.T.);
#767=EDGE_CURVE('',#980,#981,#126,.T.);
#768=EDGE_CURVE('',#974,#981,#1161,.T.);
#769=EDGE_CURVE('',#982,#981,#1162,.T.);
#770=EDGE_CURVE('',#975,#982,#1163,.T.);
#771=EDGE_CURVE('',#983,#983,#127,.T.);
#772=EDGE_CURVE('',#984,#984,#128,.T.);
#773=EDGE_CURVE('',#985,#985,#129,.T.);
#774=EDGE_CURVE('',#986,#986,#130,.T.);
#775=EDGE_CURVE('',#982,#978,#131,.T.);
#776=EDGE_CURVE('',#987,#987,#132,.T.);
#777=EDGE_CURVE('',#988,#988,#133,.T.);
#778=EDGE_CURVE('',#955,#977,#1164,.T.);
#779=EDGE_CURVE('',#963,#970,#1165,.T.);
#780=EDGE_CURVE('',#964,#989,#1166,.T.);
#781=EDGE_CURVE('',#990,#971,#1167,.T.);
#782=EDGE_CURVE('',#991,#990,#1168,.T.);
#783=EDGE_CURVE('',#991,#992,#1169,.T.);
#784=EDGE_CURVE('',#992,#993,#1170,.T.);
#785=EDGE_CURVE('',#993,#994,#1171,.T.);
#786=EDGE_CURVE('',#995,#994,#1172,.T.);
#787=EDGE_CURVE('',#995,#996,#1173,.T.);
#788=EDGE_CURVE('',#996,#989,#1174,.T.);
#789=EDGE_CURVE('',#954,#990,#1175,.T.);
#790=EDGE_CURVE('',#947,#989,#1176,.T.);
#791=EDGE_CURVE('',#948,#996,#1177,.T.);
#792=EDGE_CURVE('',#949,#995,#1178,.T.);
#793=EDGE_CURVE('',#950,#994,#1179,.T.);
#794=EDGE_CURVE('',#951,#993,#1180,.T.);
#795=EDGE_CURVE('',#952,#992,#1181,.T.);
#796=EDGE_CURVE('',#953,#991,#1182,.T.);
#797=EDGE_CURVE('',#997,#997,#134,.T.);
#798=EDGE_CURVE('',#944,#998,#1183,.T.);
#799=EDGE_CURVE('',#998,#959,#1184,.T.);
#800=EDGE_CURVE('',#999,#960,#1185,.T.);
#801=EDGE_CURVE('',#943,#999,#1186,.T.);
#802=EDGE_CURVE('',#998,#999,#1187,.T.);
#803=EDGE_CURVE('',#1000,#1001,#1188,.T.);
#804=EDGE_CURVE('',#1001,#1002,#1189,.F.);
#805=EDGE_CURVE('',#1003,#1002,#1190,.T.);
#806=EDGE_CURVE('',#1003,#1000,#1191,.T.);
#807=EDGE_CURVE('',#1002,#1004,#135,.F.);
#808=EDGE_CURVE('',#1004,#1005,#1192,.T.);
#809=EDGE_CURVE('',#1005,#1006,#136,.F.);
#810=EDGE_CURVE('',#1007,#1006,#1193,.T.);
#811=EDGE_CURVE('',#1007,#1008,#137,.F.);
#812=EDGE_CURVE('',#1009,#1008,#1194,.T.);
#813=EDGE_CURVE('',#1009,#1003,#138,.F.);
#814=EDGE_CURVE('',#1006,#1010,#1195,.T.);
#815=EDGE_CURVE('',#1011,#1010,#1196,.T.);
#816=EDGE_CURVE('',#1011,#1007,#1197,.F.);
#817=EDGE_CURVE('',#1012,#1012,#139,.T.);
#818=EDGE_CURVE('',#1013,#1013,#140,.T.);
#819=EDGE_CURVE('',#1014,#1014,#141,.T.);
#820=EDGE_CURVE('',#1015,#1015,#142,.T.);
#821=EDGE_CURVE('',#1016,#1016,#143,.T.);
#822=EDGE_CURVE('',#1017,#1018,#1198,.T.);
#823=EDGE_CURVE('',#1017,#1001,#144,.T.);
#824=EDGE_CURVE('',#1000,#1019,#145,.T.);
#825=EDGE_CURVE('',#1019,#1020,#1199,.T.);
#826=EDGE_CURVE('',#1020,#1011,#146,.T.);
#827=EDGE_CURVE('',#1010,#1018,#147,.T.);
#828=EDGE_CURVE('',#1019,#1009,#1200,.F.);
#829=EDGE_CURVE('',#1008,#1020,#1201,.T.);
#830=EDGE_CURVE('',#1004,#1017,#1202,.T.);
#831=EDGE_CURVE('',#1018,#1005,#1203,.F.);
#832=EDGE_CURVE('',#1021,#1021,#148,.T.);
#833=EDGE_CURVE('',#1022,#1022,#149,.T.);
#834=EDGE_CURVE('',#1023,#1023,#150,.T.);
#835=EDGE_CURVE('',#1024,#1024,#151,.T.);
#836=EDGE_CURVE('',#1025,#1025,#152,.T.);
#837=EDGE_CURVE('',#1026,#1026,#153,.T.);
#838=EDGE_CURVE('',#1027,#1027,#154,.T.);
#839=EDGE_CURVE('',#1028,#1028,#155,.T.);
#840=EDGE_CURVE('',#1029,#1029,#156,.T.);
#841=EDGE_CURVE('',#1030,#1031,#1204,.T.);
#842=EDGE_CURVE('',#1032,#1030,#1205,.T.);
#843=EDGE_CURVE('',#1032,#1033,#1206,.T.);
#844=EDGE_CURVE('',#1033,#1031,#1207,.T.);
#845=EDGE_CURVE('',#1034,#1035,#1208,.T.);
#846=EDGE_CURVE('',#1034,#1036,#1209,.T.);
#847=EDGE_CURVE('',#1037,#1036,#1210,.T.);
#848=EDGE_CURVE('',#1038,#1037,#1211,.T.);
#849=EDGE_CURVE('',#1038,#1032,#1212,.T.);
#850=EDGE_CURVE('',#1039,#1030,#1213,.T.);
#851=EDGE_CURVE('',#1040,#1039,#1214,.T.);
#852=EDGE_CURVE('',#1041,#1040,#1215,.T.);
#853=EDGE_CURVE('',#1042,#1041,#1216,.T.);
#854=EDGE_CURVE('',#1043,#1042,#1217,.T.);
#855=EDGE_CURVE('',#1035,#1043,#1218,.T.);
#856=EDGE_CURVE('',#1044,#1045,#1219,.T.);
#857=EDGE_CURVE('',#1045,#1031,#1220,.T.);
#858=EDGE_CURVE('',#1046,#1033,#1221,.T.);
#859=EDGE_CURVE('',#1046,#1047,#1222,.T.);
#860=EDGE_CURVE('',#1047,#1048,#1223,.T.);
#861=EDGE_CURVE('',#1049,#1048,#1224,.T.);
#862=EDGE_CURVE('',#1049,#1050,#1225,.T.);
#863=EDGE_CURVE('',#1050,#1051,#1226,.T.);
#864=EDGE_CURVE('',#1051,#1052,#1227,.T.);
#865=EDGE_CURVE('',#1052,#1053,#1228,.T.);
#866=EDGE_CURVE('',#1053,#1044,#1229,.T.);
#867=EDGE_CURVE('',#1038,#1046,#1230,.T.);
#868=EDGE_CURVE('',#1036,#1048,#1231,.T.);
#869=EDGE_CURVE('',#1037,#1047,#1232,.T.);
#870=EDGE_CURVE('',#1034,#1049,#1233,.T.);
#871=EDGE_CURVE('',#1035,#1050,#1234,.T.);
#872=EDGE_CURVE('',#1039,#1045,#1235,.T.);
#873=EDGE_CURVE('',#1043,#1051,#1236,.T.);
#874=EDGE_CURVE('',#1040,#1044,#1237,.T.);
#875=EDGE_CURVE('',#1041,#1053,#1238,.T.);
#876=EDGE_CURVE('',#1042,#1052,#1239,.T.);
#877=EDGE_CURVE('',#1054,#1055,#1240,.T.);
#878=EDGE_CURVE('',#1056,#1055,#1241,.T.);
#879=EDGE_CURVE('',#1057,#1056,#1242,.T.);
#880=EDGE_CURVE('',#1057,#1054,#1243,.T.);
#881=EDGE_CURVE('',#1058,#1054,#1244,.T.);
#882=EDGE_CURVE('',#1059,#1057,#1245,.T.);
#883=EDGE_CURVE('',#1059,#1058,#1246,.T.);
#884=EDGE_CURVE('',#1060,#1058,#1247,.T.);
#885=EDGE_CURVE('',#1061,#1059,#1248,.T.);
#886=EDGE_CURVE('',#1061,#1060,#1249,.T.);
#887=EDGE_CURVE('',#1055,#1060,#1250,.T.);
#888=EDGE_CURVE('',#1056,#1061,#1251,.T.);
#889=VERTEX_POINT('',#2706);
#890=VERTEX_POINT('',#2707);
#891=VERTEX_POINT('',#2709);
#892=VERTEX_POINT('',#2711);
#893=VERTEX_POINT('',#2715);
#894=VERTEX_POINT('',#2717);
#895=VERTEX_POINT('',#2718);
#896=VERTEX_POINT('',#2720);
#897=VERTEX_POINT('',#2722);
#898=VERTEX_POINT('',#2724);
#899=VERTEX_POINT('',#2726);
#900=VERTEX_POINT('',#2728);
#901=VERTEX_POINT('',#2732);
#902=VERTEX_POINT('',#2734);
#903=VERTEX_POINT('',#2738);
#904=VERTEX_POINT('',#2739);
#905=VERTEX_POINT('',#2741);
#906=VERTEX_POINT('',#2743);
#907=VERTEX_POINT('',#2747);
#908=VERTEX_POINT('',#2750);
#909=VERTEX_POINT('',#2752);
#910=VERTEX_POINT('',#2754);
#911=VERTEX_POINT('',#2758);
#912=VERTEX_POINT('',#2762);
#913=VERTEX_POINT('',#2768);
#914=VERTEX_POINT('',#2771);
#915=VERTEX_POINT('',#2773);
#916=VERTEX_POINT('',#2777);
#917=VERTEX_POINT('',#2781);
#918=VERTEX_POINT('',#2782);
#919=VERTEX_POINT('',#2785);
#920=VERTEX_POINT('',#2787);
#921=VERTEX_POINT('',#2789);
#922=VERTEX_POINT('',#2791);
#923=VERTEX_POINT('',#2794);
#924=VERTEX_POINT('',#2798);
#925=VERTEX_POINT('',#2802);
#926=VERTEX_POINT('',#2804);
#927=VERTEX_POINT('',#2806);
#928=VERTEX_POINT('',#2810);
#929=VERTEX_POINT('',#2814);
#930=VERTEX_POINT('',#2818);
#931=VERTEX_POINT('',#2822);
#932=VERTEX_POINT('',#2831);
#933=VERTEX_POINT('',#2836);
#934=VERTEX_POINT('',#2838);
#935=VERTEX_POINT('',#2840);
#936=VERTEX_POINT('',#2842);
#937=VERTEX_POINT('',#2846);
#938=VERTEX_POINT('',#2850);
#939=VERTEX_POINT('',#2854);
#940=VERTEX_POINT('',#2860);
#941=VERTEX_POINT('',#2863);
#942=VERTEX_POINT('',#2866);
#943=VERTEX_POINT('',#2871);
#944=VERTEX_POINT('',#2872);
#945=VERTEX_POINT('',#2874);
#946=VERTEX_POINT('',#2876);
#947=VERTEX_POINT('',#2878);
#948=VERTEX_POINT('',#2880);
#949=VERTEX_POINT('',#2882);
#950=VERTEX_POINT('',#2884);
#951=VERTEX_POINT('',#2886);
#952=VERTEX_POINT('',#2888);
#953=VERTEX_POINT('',#2890);
#954=VERTEX_POINT('',#2892);
#955=VERTEX_POINT('',#2894);
#956=VERTEX_POINT('',#2896);
#957=VERTEX_POINT('',#2898);
#958=VERTEX_POINT('',#2900);
#959=VERTEX_POINT('',#2904);
#960=VERTEX_POINT('',#2906);
#961=VERTEX_POINT('',#2909);
#962=VERTEX_POINT('',#2911);
#963=VERTEX_POINT('',#2913);
#964=VERTEX_POINT('',#2915);
#965=VERTEX_POINT('',#2919);
#966=VERTEX_POINT('',#2921);
#967=VERTEX_POINT('',#2923);
#968=VERTEX_POINT('',#2925);
#969=VERTEX_POINT('',#2927);
#970=VERTEX_POINT('',#2929);
#971=VERTEX_POINT('',#2930);
#972=VERTEX_POINT('',#2932);
#973=VERTEX_POINT('',#2934);
#974=VERTEX_POINT('',#2936);
#975=VERTEX_POINT('',#2938);
#976=VERTEX_POINT('',#2940);
#977=VERTEX_POINT('',#2944);
#978=VERTEX_POINT('',#2946);
#979=VERTEX_POINT('',#2950);
#980=VERTEX_POINT('',#2954);
#981=VERTEX_POINT('',#2959);
#982=VERTEX_POINT('',#2963);
#983=VERTEX_POINT('',#2967);
#984=VERTEX_POINT('',#2970);
#985=VERTEX_POINT('',#2973);
#986=VERTEX_POINT('',#2976);
#987=VERTEX_POINT('',#2981);
#988=VERTEX_POINT('',#2984);
#989=VERTEX_POINT('',#2990);
#990=VERTEX_POINT('',#2992);
#991=VERTEX_POINT('',#2994);
#992=VERTEX_POINT('',#2996);
#993=VERTEX_POINT('',#2998);
#994=VERTEX_POINT('',#3000);
#995=VERTEX_POINT('',#3002);
#996=VERTEX_POINT('',#3004);
#997=VERTEX_POINT('',#3024);
#998=VERTEX_POINT('',#3028);
#999=VERTEX_POINT('',#3032);
#1000=VERTEX_POINT('',#3041);
#1001=VERTEX_POINT('',#3042);
#1002=VERTEX_POINT('',#3044);
#1003=VERTEX_POINT('',#3046);
#1004=VERTEX_POINT('',#3050);
#1005=VERTEX_POINT('',#3052);
#1006=VERTEX_POINT('',#3054);
#1007=VERTEX_POINT('',#3056);
#1008=VERTEX_POINT('',#3058);
#1009=VERTEX_POINT('',#3060);
#1010=VERTEX_POINT('',#3064);
#1011=VERTEX_POINT('',#3066);
#1012=VERTEX_POINT('',#3070);
#1013=VERTEX_POINT('',#3072);
#1014=VERTEX_POINT('',#3074);
#1015=VERTEX_POINT('',#3076);
#1016=VERTEX_POINT('',#3078);
#1017=VERTEX_POINT('',#3080);
#1018=VERTEX_POINT('',#3081);
#1019=VERTEX_POINT('',#3084);
#1020=VERTEX_POINT('',#3086);
#1021=VERTEX_POINT('',#3101);
#1022=VERTEX_POINT('',#3105);
#1023=VERTEX_POINT('',#3109);
#1024=VERTEX_POINT('',#3113);
#1025=VERTEX_POINT('',#3117);
#1026=VERTEX_POINT('',#3120);
#1027=VERTEX_POINT('',#3123);
#1028=VERTEX_POINT('',#3125);
#1029=VERTEX_POINT('',#3128);
#1030=VERTEX_POINT('',#3137);
#1031=VERTEX_POINT('',#3138);
#1032=VERTEX_POINT('',#3140);
#1033=VERTEX_POINT('',#3142);
#1034=VERTEX_POINT('',#3146);
#1035=VERTEX_POINT('',#3147);
#1036=VERTEX_POINT('',#3149);
#1037=VERTEX_POINT('',#3151);
#1038=VERTEX_POINT('',#3153);
#1039=VERTEX_POINT('',#3156);
#1040=VERTEX_POINT('',#3158);
#1041=VERTEX_POINT('',#3160);
#1042=VERTEX_POINT('',#3162);
#1043=VERTEX_POINT('',#3164);
#1044=VERTEX_POINT('',#3168);
#1045=VERTEX_POINT('',#3169);
#1046=VERTEX_POINT('',#3172);
#1047=VERTEX_POINT('',#3174);
#1048=VERTEX_POINT('',#3176);
#1049=VERTEX_POINT('',#3178);
#1050=VERTEX_POINT('',#3180);
#1051=VERTEX_POINT('',#3182);
#1052=VERTEX_POINT('',#3184);
#1053=VERTEX_POINT('',#3186);
#1054=VERTEX_POINT('',#3212);
#1055=VERTEX_POINT('',#3213);
#1056=VERTEX_POINT('',#3215);
#1057=VERTEX_POINT('',#3217);
#1058=VERTEX_POINT('',#3221);
#1059=VERTEX_POINT('',#3223);
#1060=VERTEX_POINT('',#3227);
#1061=VERTEX_POINT('',#3229);
#1062=LINE('',#2705,#1252);
#1063=LINE('',#2708,#1253);
#1064=LINE('',#2710,#1254);
#1065=LINE('',#2712,#1255);
#1066=LINE('',#2716,#1256);
#1067=LINE('',#2719,#1257);
#1068=LINE('',#2721,#1258);
#1069=LINE('',#2725,#1259);
#1070=LINE('',#2729,#1260);
#1071=LINE('',#2731,#1261);
#1072=LINE('',#2733,#1262);
#1073=LINE('',#2735,#1263);
#1074=LINE('',#2737,#1264);
#1075=LINE('',#2740,#1265);
#1076=LINE('',#2742,#1266);
#1077=LINE('',#2744,#1267);
#1078=LINE('',#2746,#1268);
#1079=LINE('',#2748,#1269);
#1080=LINE('',#2749,#1270);
#1081=LINE('',#2751,#1271);
#1082=LINE('',#2753,#1272);
#1083=LINE('',#2755,#1273);
#1084=LINE('',#2759,#1274);
#1085=LINE('',#2761,#1275);
#1086=LINE('',#2763,#1276);
#1087=LINE('',#2772,#1277);
#1088=LINE('',#2774,#1278);
#1089=LINE('',#2776,#1279);
#1090=LINE('',#2778,#1280);
#1091=LINE('',#2780,#1281);
#1092=LINE('',#2783,#1282);
#1093=LINE('',#2784,#1283);
#1094=LINE('',#2786,#1284);
#1095=LINE('',#2788,#1285);
#1096=LINE('',#2790,#1286);
#1097=LINE('',#2792,#1287);
#1098=LINE('',#2793,#1288);
#1099=LINE('',#2795,#1289);
#1100=LINE('',#2797,#1290);
#1101=LINE('',#2799,#1291);
#1102=LINE('',#2801,#1292);
#1103=LINE('',#2803,#1293);
#1104=LINE('',#2805,#1294);
#1105=LINE('',#2807,#1295);
#1106=LINE('',#2809,#1296);
#1107=LINE('',#2811,#1297);
#1108=LINE('',#2813,#1298);
#1109=LINE('',#2815,#1299);
#1110=LINE('',#2817,#1300);
#1111=LINE('',#2819,#1301);
#1112=LINE('',#2821,#1302);
#1113=LINE('',#2823,#1303);
#1114=LINE('',#2825,#1304);
#1115=LINE('',#2827,#1305);
#1116=LINE('',#2828,#1306);
#1117=LINE('',#2837,#1307);
#1118=LINE('',#2841,#1308);
#1119=LINE('',#2845,#1309);
#1120=LINE('',#2847,#1310);
#1121=LINE('',#2851,#1311);
#1122=LINE('',#2853,#1312);
#1123=LINE('',#2855,#1313);
#1124=LINE('',#2870,#1314);
#1125=LINE('',#2873,#1315);
#1126=LINE('',#2875,#1316);
#1127=LINE('',#2877,#1317);
#1128=LINE('',#2879,#1318);
#1129=LINE('',#2881,#1319);
#1130=LINE('',#2883,#1320);
#1131=LINE('',#2885,#1321);
#1132=LINE('',#2887,#1322);
#1133=LINE('',#2889,#1323);
#1134=LINE('',#2891,#1324);
#1135=LINE('',#2893,#1325);
#1136=LINE('',#2895,#1326);
#1137=LINE('',#2897,#1327);
#1138=LINE('',#2899,#1328);
#1139=LINE('',#2901,#1329);
#1140=LINE('',#2903,#1330);
#1141=LINE('',#2905,#1331);
#1142=LINE('',#2907,#1332);
#1143=LINE('',#2908,#1333);
#1144=LINE('',#2910,#1334);
#1145=LINE('',#2912,#1335);
#1146=LINE('',#2914,#1336);
#1147=LINE('',#2916,#1337);
#1148=LINE('',#2928,#1338);
#1149=LINE('',#2931,#1339);
#1150=LINE('',#2933,#1340);
#1151=LINE('',#2937,#1341);
#1152=LINE('',#2941,#1342);
#1153=LINE('',#2943,#1343);
#1154=LINE('',#2945,#1344);
#1155=LINE('',#2947,#1345);
#1156=LINE('',#2949,#1346);
#1157=LINE('',#2951,#1347);
#1158=LINE('',#2953,#1348);
#1159=LINE('',#2955,#1349);
#1160=LINE('',#2956,#1350);
#1161=LINE('',#2960,#1351);
#1162=LINE('',#2962,#1352);
#1163=LINE('',#2964,#1353);
#1164=LINE('',#2985,#1354);
#1165=LINE('',#2987,#1355);
#1166=LINE('',#2989,#1356);
#1167=LINE('',#2991,#1357);
#1168=LINE('',#2993,#1358);
#1169=LINE('',#2995,#1359);
#1170=LINE('',#2997,#1360);
#1171=LINE('',#2999,#1361);
#1172=LINE('',#3001,#1362);
#1173=LINE('',#3003,#1363);
#1174=LINE('',#3005,#1364);
#1175=LINE('',#3007,#1365);
#1176=LINE('',#3009,#1366);
#1177=LINE('',#3011,#1367);
#1178=LINE('',#3013,#1368);
#1179=LINE('',#3015,#1369);
#1180=LINE('',#3017,#1370);
#1181=LINE('',#3019,#1371);
#1182=LINE('',#3021,#1372);
#1183=LINE('',#3027,#1373);
#1184=LINE('',#3029,#1374);
#1185=LINE('',#3031,#1375);
#1186=LINE('',#3033,#1376);
#1187=LINE('',#3035,#1377);
#1188=LINE('',#3040,#1378);
#1189=LINE('',#3043,#1379);
#1190=LINE('',#3045,#1380);
#1191=LINE('',#3047,#1381);
#1192=LINE('',#3051,#1382);
#1193=LINE('',#3055,#1383);
#1194=LINE('',#3059,#1384);
#1195=LINE('',#3063,#1385);
#1196=LINE('',#3065,#1386);
#1197=LINE('',#3067,#1387);
#1198=LINE('',#3079,#1388);
#1199=LINE('',#3085,#1389);
#1200=LINE('',#3090,#1390);
#1201=LINE('',#3091,#1391);
#1202=LINE('',#3093,#1392);
#1203=LINE('',#3094,#1393);
#1204=LINE('',#3136,#1394);
#1205=LINE('',#3139,#1395);
#1206=LINE('',#3141,#1396);
#1207=LINE('',#3143,#1397);
#1208=LINE('',#3145,#1398);
#1209=LINE('',#3148,#1399);
#1210=LINE('',#3150,#1400);
#1211=LINE('',#3152,#1401);
#1212=LINE('',#3154,#1402);
#1213=LINE('',#3155,#1403);
#1214=LINE('',#3157,#1404);
#1215=LINE('',#3159,#1405);
#1216=LINE('',#3161,#1406);
#1217=LINE('',#3163,#1407);
#1218=LINE('',#3165,#1408);
#1219=LINE('',#3167,#1409);
#1220=LINE('',#3170,#1410);
#1221=LINE('',#3171,#1411);
#1222=LINE('',#3173,#1412);
#1223=LINE('',#3175,#1413);
#1224=LINE('',#3177,#1414);
#1225=LINE('',#3179,#1415);
#1226=LINE('',#3181,#1416);
#1227=LINE('',#3183,#1417);
#1228=LINE('',#3185,#1418);
#1229=LINE('',#3187,#1419);
#1230=LINE('',#3189,#1420);
#1231=LINE('',#3191,#1421);
#1232=LINE('',#3192,#1422);
#1233=LINE('',#3195,#1423);
#1234=LINE('',#3197,#1424);
#1235=LINE('',#3199,#1425);
#1236=LINE('',#3201,#1426);
#1237=LINE('',#3203,#1427);
#1238=LINE('',#3205,#1428);
#1239=LINE('',#3207,#1429);
#1240=LINE('',#3211,#1430);
#1241=LINE('',#3214,#1431);
#1242=LINE('',#3216,#1432);
#1243=LINE('',#3218,#1433);
#1244=LINE('',#3220,#1434);
#1245=LINE('',#3222,#1435);
#1246=LINE('',#3224,#1436);
#1247=LINE('',#3226,#1437);
#1248=LINE('',#3228,#1438);
#1249=LINE('',#3230,#1439);
#1250=LINE('',#3232,#1440);
#1251=LINE('',#3233,#1441);
#1252=VECTOR('',#2165,1.);
#1253=VECTOR('',#2166,1.);
#1254=VECTOR('',#2167,1.);
#1255=VECTOR('',#2168,1.);
#1256=VECTOR('',#2173,1.);
#1257=VECTOR('',#2174,1.);
#1258=VECTOR('',#2175,1.);
#1259=VECTOR('',#2178,1.);
#1260=VECTOR('',#2181,1.);
#1261=VECTOR('',#2184,1.);
#1262=VECTOR('',#2185,1.);
#1263=VECTOR('',#2186,1.);
#1264=VECTOR('',#2189,1.);
#1265=VECTOR('',#2190,1.);
#1266=VECTOR('',#2191,1.);
#1267=VECTOR('',#2192,1.);
#1268=VECTOR('',#2195,1.);
#1269=VECTOR('',#2196,1.);
#1270=VECTOR('',#2197,1.);
#1271=VECTOR('',#2198,1.);
#1272=VECTOR('',#2199,1.);
#1273=VECTOR('',#2200,1.);
#1274=VECTOR('',#2205,1.);
#1275=VECTOR('',#2208,1.);
#1276=VECTOR('',#2209,1.);
#1277=VECTOR('',#2222,1.);
#1278=VECTOR('',#2223,1.);
#1279=VECTOR('',#2226,1.);
#1280=VECTOR('',#2227,1.);
#1281=VECTOR('',#2230,1.);
#1282=VECTOR('',#2231,1.);
#1283=VECTOR('',#2232,1.);
#1284=VECTOR('',#2233,1.);
#1285=VECTOR('',#2234,1.);
#1286=VECTOR('',#2235,1.);
#1287=VECTOR('',#2236,1.);
#1288=VECTOR('',#2237,1.);
#1289=VECTOR('',#2238,1.);
#1290=VECTOR('',#2241,1.);
#1291=VECTOR('',#2242,1.);
#1292=VECTOR('',#2245,1.);
#1293=VECTOR('',#2246,1.);
#1294=VECTOR('',#2247,1.);
#1295=VECTOR('',#2248,1.);
#1296=VECTOR('',#2251,1.);
#1297=VECTOR('',#2252,1.);
#1298=VECTOR('',#2255,1.);
#1299=VECTOR('',#2256,1.);
#1300=VECTOR('',#2259,1.);
#1301=VECTOR('',#2260,1.);
#1302=VECTOR('',#2263,1.);
#1303=VECTOR('',#2264,1.);
#1304=VECTOR('',#2267,1.);
#1305=VECTOR('',#2270,1.);
#1306=VECTOR('',#2271,1.);
#1307=VECTOR('',#2284,1.);
#1308=VECTOR('',#2287,1.);
#1309=VECTOR('',#2292,1.);
#1310=VECTOR('',#2293,1.);
#1311=VECTOR('',#2298,1.);
#1312=VECTOR('',#2301,1.);
#1313=VECTOR('',#2302,1.);
#1314=VECTOR('',#2325,1.);
#1315=VECTOR('',#2326,1.);
#1316=VECTOR('',#2327,1.);
#1317=VECTOR('',#2328,1.);
#1318=VECTOR('',#2329,1.);
#1319=VECTOR('',#2330,1.);
#1320=VECTOR('',#2331,1.);
#1321=VECTOR('',#2332,1.);
#1322=VECTOR('',#2333,1.);
#1323=VECTOR('',#2334,1.);
#1324=VECTOR('',#2335,1.);
#1325=VECTOR('',#2336,1.);
#1326=VECTOR('',#2337,1.);
#1327=VECTOR('',#2338,1.);
#1328=VECTOR('',#2339,1.);
#1329=VECTOR('',#2340,1.);
#1330=VECTOR('',#2343,1.);
#1331=VECTOR('',#2344,1.);
#1332=VECTOR('',#2345,1.);
#1333=VECTOR('',#2346,1.);
#1334=VECTOR('',#2347,1.);
#1335=VECTOR('',#2348,1.);
#1336=VECTOR('',#2349,1.);
#1337=VECTOR('',#2350,1.);
#1338=VECTOR('',#2363,1.);
#1339=VECTOR('',#2364,1.);
#1340=VECTOR('',#2365,1.);
#1341=VECTOR('',#2368,1.);
#1342=VECTOR('',#2371,1.);
#1343=VECTOR('',#2374,1.);
#1344=VECTOR('',#2375,1.);
#1345=VECTOR('',#2376,1.);
#1346=VECTOR('',#2379,1.);
#1347=VECTOR('',#2380,1.);
#1348=VECTOR('',#2383,1.);
#1349=VECTOR('',#2384,1.);
#1350=VECTOR('',#2385,1.);
#1351=VECTOR('',#2390,1.);
#1352=VECTOR('',#2393,1.);
#1353=VECTOR('',#2394,1.);
#1354=VECTOR('',#2423,1.);
#1355=VECTOR('',#2426,1.);
#1356=VECTOR('',#2429,1.);
#1357=VECTOR('',#2430,1.);
#1358=VECTOR('',#2431,1.);
#1359=VECTOR('',#2432,1.);
#1360=VECTOR('',#2433,1.);
#1361=VECTOR('',#2434,1.);
#1362=VECTOR('',#2435,1.);
#1363=VECTOR('',#2436,1.);
#1364=VECTOR('',#2437,1.);
#1365=VECTOR('',#2440,1.);
#1366=VECTOR('',#2443,1.);
#1367=VECTOR('',#2446,1.);
#1368=VECTOR('',#2449,1.);
#1369=VECTOR('',#2452,1.);
#1370=VECTOR('',#2455,1.);
#1371=VECTOR('',#2458,1.);
#1372=VECTOR('',#2461,1.);
#1373=VECTOR('',#2470,1.);
#1374=VECTOR('',#2471,1.);
#1375=VECTOR('',#2474,1.);
#1376=VECTOR('',#2475,1.);
#1377=VECTOR('',#2478,1.);
#1378=VECTOR('',#2487,1.);
#1379=VECTOR('',#2488,1.);
#1380=VECTOR('',#2489,1.);
#1381=VECTOR('',#2490,1.);
#1382=VECTOR('',#2495,1.);
#1383=VECTOR('',#2498,1.);
#1384=VECTOR('',#2501,1.);
#1385=VECTOR('',#2506,1.);
#1386=VECTOR('',#2507,1.);
#1387=VECTOR('',#2508,1.);
#1388=VECTOR('',#2521,1.);
#1389=VECTOR('',#2526,1.);
#1390=VECTOR('',#2533,1.);
#1391=VECTOR('',#2534,1.);
#1392=VECTOR('',#2537,1.);
#1393=VECTOR('',#2538,1.);
#1394=VECTOR('',#2603,1.);
#1395=VECTOR('',#2604,1.);
#1396=VECTOR('',#2605,1.);
#1397=VECTOR('',#2606,1.);
#1398=VECTOR('',#2609,1.);
#1399=VECTOR('',#2610,1.);
#1400=VECTOR('',#2611,1.);
#1401=VECTOR('',#2612,1.);
#1402=VECTOR('',#2613,1.);
#1403=VECTOR('',#2614,1.);
#1404=VECTOR('',#2615,1.);
#1405=VECTOR('',#2616,1.);
#1406=VECTOR('',#2617,1.);
#1407=VECTOR('',#2618,1.);
#1408=VECTOR('',#2619,1.);
#1409=VECTOR('',#2622,1.);
#1410=VECTOR('',#2623,1.);
#1411=VECTOR('',#2624,1.);
#1412=VECTOR('',#2625,1.);
#1413=VECTOR('',#2626,1.);
#1414=VECTOR('',#2627,1.);
#1415=VECTOR('',#2628,1.);
#1416=VECTOR('',#2629,1.);
#1417=VECTOR('',#2630,1.);
#1418=VECTOR('',#2631,1.);
#1419=VECTOR('',#2632,1.);
#1420=VECTOR('',#2635,1.);
#1421=VECTOR('',#2638,1.);
#1422=VECTOR('',#2639,1.);
#1423=VECTOR('',#2644,1.);
#1424=VECTOR('',#2647,1.);
#1425=VECTOR('',#2650,1.);
#1426=VECTOR('',#2653,1.);
#1427=VECTOR('',#2656,1.);
#1428=VECTOR('',#2659,1.);
#1429=VECTOR('',#2662,1.);
#1430=VECTOR('',#2669,1.);
#1431=VECTOR('',#2670,1.);
#1432=VECTOR('',#2671,1.);
#1433=VECTOR('',#2672,1.);
#1434=VECTOR('',#2675,1.);
#1435=VECTOR('',#2676,1.);
#1436=VECTOR('',#2677,1.);
#1437=VECTOR('',#2680,1.);
#1438=VECTOR('',#2681,1.);
#1439=VECTOR('',#2682,1.);
#1440=VECTOR('',#2685,1.);
#1441=VECTOR('',#2686,1.);
#1442=EDGE_LOOP('',(#157,#158,#159,#160));
#1443=EDGE_LOOP('',(#161));
#1444=EDGE_LOOP('',(#162,#163,#164,#165,#166,#167,#168));
#1445=EDGE_LOOP('',(#169,#170,#171,#172));
#1446=EDGE_LOOP('',(#173,#174,#175,#176));
#1447=EDGE_LOOP('',(#177,#178,#179,#180,#181,#182,#183,#184));
#1448=EDGE_LOOP('',(#185,#186,#187,#188));
#1449=EDGE_LOOP('',(#189,#190,#191,#192));
#1450=EDGE_LOOP('',(#193,#194,#195,#196));
#1451=EDGE_LOOP('',(#197));
#1452=EDGE_LOOP('',(#198));
#1453=EDGE_LOOP('',(#199));
#1454=EDGE_LOOP('',(#200,#201,#202,#203,#204,#205,#206,#207));
#1455=EDGE_LOOP('',(#208));
#1456=EDGE_LOOP('',(#209,#210,#211,#212));
#1457=EDGE_LOOP('',(#213,#214,#215,#216,#217,#218,#219,#220,#221,#222,#223,
#224));
#1458=EDGE_LOOP('',(#225,#226,#227,#228,#229));
#1459=EDGE_LOOP('',(#230,#231,#232,#233,#234));
#1460=EDGE_LOOP('',(#235,#236,#237,#238));
#1461=EDGE_LOOP('',(#239,#240,#241,#242));
#1462=EDGE_LOOP('',(#243,#244,#245,#246));
#1463=EDGE_LOOP('',(#247,#248,#249,#250));
#1464=EDGE_LOOP('',(#251,#252,#253,#254));
#1465=EDGE_LOOP('',(#255,#256,#257,#258,#259,#260,#261,#262,#263,#264,#265,
#266));
#1466=EDGE_LOOP('',(#267));
#1467=EDGE_LOOP('',(#268));
#1468=EDGE_LOOP('',(#269));
#1469=EDGE_LOOP('',(#270,#271,#272,#273));
#1470=EDGE_LOOP('',(#274));
#1471=EDGE_LOOP('',(#275,#276,#277,#278,#279,#280,#281));
#1472=EDGE_LOOP('',(#282,#283,#284,#285));
#1473=EDGE_LOOP('',(#286,#287,#288,#289));
#1474=EDGE_LOOP('',(#290,#291,#292,#293));
#1475=EDGE_LOOP('',(#294,#295,#296,#297));
#1476=EDGE_LOOP('',(#298));
#1477=EDGE_LOOP('',(#299));
#1478=EDGE_LOOP('',(#300));
#1479=EDGE_LOOP('',(#301,#302,#303,#304,#305,#306,#307,#308));
#1480=EDGE_LOOP('',(#309));
#1481=EDGE_LOOP('',(#310));
#1482=EDGE_LOOP('',(#311));
#1483=EDGE_LOOP('',(#312));
#1484=EDGE_LOOP('',(#313,#314,#315,#316,#317,#318,#319,#320,#321,#322,#323,
#324,#325,#326,#327,#328));
#1485=EDGE_LOOP('',(#329,#330,#331,#332,#333,#334,#335,#336,#337,#338));
#1486=EDGE_LOOP('',(#339));
#1487=EDGE_LOOP('',(#340));
#1488=EDGE_LOOP('',(#341));
#1489=EDGE_LOOP('',(#342));
#1490=EDGE_LOOP('',(#343));
#1491=EDGE_LOOP('',(#344,#345,#346,#347,#348,#349,#350));
#1492=EDGE_LOOP('',(#351,#352,#353,#354));
#1493=EDGE_LOOP('',(#355,#356,#357,#358));
#1494=EDGE_LOOP('',(#359,#360,#361,#362,#363,#364));
#1495=EDGE_LOOP('',(#365,#366,#367,#368));
#1496=EDGE_LOOP('',(#369,#370,#371,#372));
#1497=EDGE_LOOP('',(#373));
#1498=EDGE_LOOP('',(#374));
#1499=EDGE_LOOP('',(#375));
#1500=EDGE_LOOP('',(#376));
#1501=EDGE_LOOP('',(#377));
#1502=EDGE_LOOP('',(#378));
#1503=EDGE_LOOP('',(#379));
#1504=EDGE_LOOP('',(#380));
#1505=EDGE_LOOP('',(#381,#382,#383,#384));
#1506=EDGE_LOOP('',(#385));
#1507=EDGE_LOOP('',(#386));
#1508=EDGE_LOOP('',(#387));
#1509=EDGE_LOOP('',(#388,#389,#390,#391,#392,#393,#394,#395));
#1510=EDGE_LOOP('',(#396));
#1511=EDGE_LOOP('',(#397));
#1512=EDGE_LOOP('',(#398));
#1513=EDGE_LOOP('',(#399));
#1514=EDGE_LOOP('',(#400));
#1515=EDGE_LOOP('',(#401,#402,#403,#404));
#1516=EDGE_LOOP('',(#405,#406,#407,#408,#409,#410,#411,#412,#413,#414,#415,
#416));
#1517=EDGE_LOOP('',(#417,#418,#419,#420,#421));
#1518=EDGE_LOOP('',(#422,#423,#424,#425));
#1519=EDGE_LOOP('',(#426,#427,#428,#429));
#1520=EDGE_LOOP('',(#430,#431,#432,#433));
#1521=EDGE_LOOP('',(#434,#435,#436,#437));
#1522=EDGE_LOOP('',(#438,#439,#440,#441));
#1523=EDGE_LOOP('',(#442,#443,#444,#445));
#1524=EDGE_LOOP('',(#446,#447,#448,#449));
#1525=EDGE_LOOP('',(#450));
#1526=EDGE_LOOP('',(#451,#452,#453,#454));
#1527=EDGE_LOOP('',(#455));
#1528=EDGE_LOOP('',(#456));
#1529=EDGE_LOOP('',(#457,#458,#459,#460));
#1530=EDGE_LOOP('',(#461,#462,#463,#464));
#1531=EDGE_LOOP('',(#465,#466,#467,#468));
#1532=EDGE_LOOP('',(#469,#470,#471,#472));
#1533=EDGE_LOOP('',(#473,#474,#475,#476));
#1534=EDGE_LOOP('',(#477,#478,#479,#480,#481,#482,#483,#484));
#1535=EDGE_LOOP('',(#485,#486,#487,#488));
#1536=EDGE_LOOP('',(#489));
#1537=EDGE_LOOP('',(#490));
#1538=EDGE_LOOP('',(#491));
#1539=EDGE_LOOP('',(#492));
#1540=EDGE_LOOP('',(#493));
#1541=EDGE_LOOP('',(#494,#495,#496,#497,#498,#499,#500,#501));
#1542=EDGE_LOOP('',(#502,#503,#504,#505));
#1543=EDGE_LOOP('',(#506,#507,#508,#509));
#1544=EDGE_LOOP('',(#510,#511,#512,#513));
#1545=EDGE_LOOP('',(#514,#515,#516,#517));
#1546=EDGE_LOOP('',(#518,#519,#520,#521));
#1547=EDGE_LOOP('',(#522,#523,#524,#525));
#1548=EDGE_LOOP('',(#526));
#1549=EDGE_LOOP('',(#527));
#1550=EDGE_LOOP('',(#528));
#1551=EDGE_LOOP('',(#529));
#1552=EDGE_LOOP('',(#530));
#1553=EDGE_LOOP('',(#531));
#1554=EDGE_LOOP('',(#532));
#1555=EDGE_LOOP('',(#533));
#1556=EDGE_LOOP('',(#534));
#1557=EDGE_LOOP('',(#535));
#1558=EDGE_LOOP('',(#536));
#1559=EDGE_LOOP('',(#537));
#1560=EDGE_LOOP('',(#538));
#1561=EDGE_LOOP('',(#539));
#1562=EDGE_LOOP('',(#540));
#1563=EDGE_LOOP('',(#541));
#1564=EDGE_LOOP('',(#542));
#1565=EDGE_LOOP('',(#543));
#1566=EDGE_LOOP('',(#544));
#1567=EDGE_LOOP('',(#545));
#1568=EDGE_LOOP('',(#546));
#1569=EDGE_LOOP('',(#547));
#1570=EDGE_LOOP('',(#548));
#1571=EDGE_LOOP('',(#549,#550,#551,#552));
#1572=EDGE_LOOP('',(#553,#554,#555,#556,#557,#558,#559,#560,#561,#562,#563,
#564));
#1573=EDGE_LOOP('',(#565,#566,#567,#568,#569,#570,#571,#572,#573,#574,#575,
#576));
#1574=EDGE_LOOP('',(#577,#578,#579,#580));
#1575=EDGE_LOOP('',(#581,#582,#583,#584));
#1576=EDGE_LOOP('',(#585,#586,#587,#588));
#1577=EDGE_LOOP('',(#589,#590,#591,#592));
#1578=EDGE_LOOP('',(#593,#594,#595,#596));
#1579=EDGE_LOOP('',(#597,#598,#599,#600));
#1580=EDGE_LOOP('',(#601,#602,#603,#604));
#1581=EDGE_LOOP('',(#605,#606,#607,#608));
#1582=EDGE_LOOP('',(#609,#610,#611,#612));
#1583=EDGE_LOOP('',(#613,#614,#615,#616));
#1584=EDGE_LOOP('',(#617,#618,#619,#620));
#1585=EDGE_LOOP('',(#621,#622,#623,#624));
#1586=EDGE_LOOP('',(#625,#626,#627,#628));
#1587=EDGE_LOOP('',(#629,#630,#631,#632));
#1588=EDGE_LOOP('',(#633,#634,#635,#636));
#1589=EDGE_LOOP('',(#637,#638,#639,#640));
#1590=EDGE_LOOP('',(#641,#642,#643,#644));
#1591=FACE_BOUND('',#1442,.T.);
#1592=FACE_BOUND('',#1443,.T.);
#1593=FACE_BOUND('',#1444,.T.);
#1594=FACE_BOUND('',#1445,.T.);
#1595=FACE_BOUND('',#1446,.T.);
#1596=FACE_BOUND('',#1447,.T.);
#1597=FACE_BOUND('',#1448,.T.);
#1598=FACE_BOUND('',#1449,.T.);
#1599=FACE_BOUND('',#1450,.T.);
#1600=FACE_BOUND('',#1451,.T.);
#1601=FACE_BOUND('',#1452,.T.);
#1602=FACE_BOUND('',#1453,.T.);
#1603=FACE_BOUND('',#1454,.T.);
#1604=FACE_BOUND('',#1455,.T.);
#1605=FACE_BOUND('',#1456,.T.);
#1606=FACE_BOUND('',#1457,.T.);
#1607=FACE_BOUND('',#1458,.T.);
#1608=FACE_BOUND('',#1459,.T.);
#1609=FACE_BOUND('',#1460,.T.);
#1610=FACE_BOUND('',#1461,.T.);
#1611=FACE_BOUND('',#1462,.T.);
#1612=FACE_BOUND('',#1463,.T.);
#1613=FACE_BOUND('',#1464,.T.);
#1614=FACE_BOUND('',#1465,.T.);
#1615=FACE_BOUND('',#1466,.T.);
#1616=FACE_BOUND('',#1467,.T.);
#1617=FACE_BOUND('',#1468,.T.);
#1618=FACE_BOUND('',#1469,.T.);
#1619=FACE_BOUND('',#1470,.T.);
#1620=FACE_BOUND('',#1471,.T.);
#1621=FACE_BOUND('',#1472,.T.);
#1622=FACE_BOUND('',#1473,.T.);
#1623=FACE_BOUND('',#1474,.T.);
#1624=FACE_BOUND('',#1475,.T.);
#1625=FACE_BOUND('',#1476,.T.);
#1626=FACE_BOUND('',#1477,.T.);
#1627=FACE_BOUND('',#1478,.T.);
#1628=FACE_BOUND('',#1479,.T.);
#1629=FACE_BOUND('',#1480,.T.);
#1630=FACE_BOUND('',#1481,.T.);
#1631=FACE_BOUND('',#1482,.T.);
#1632=FACE_BOUND('',#1483,.T.);
#1633=FACE_BOUND('',#1484,.T.);
#1634=FACE_BOUND('',#1485,.T.);
#1635=FACE_BOUND('',#1486,.T.);
#1636=FACE_BOUND('',#1487,.T.);
#1637=FACE_BOUND('',#1488,.T.);
#1638=FACE_BOUND('',#1489,.T.);
#1639=FACE_BOUND('',#1490,.T.);
#1640=FACE_BOUND('',#1491,.T.);
#1641=FACE_BOUND('',#1492,.T.);
#1642=FACE_BOUND('',#1493,.T.);
#1643=FACE_BOUND('',#1494,.T.);
#1644=FACE_BOUND('',#1495,.T.);
#1645=FACE_BOUND('',#1496,.T.);
#1646=FACE_BOUND('',#1497,.T.);
#1647=FACE_BOUND('',#1498,.T.);
#1648=FACE_BOUND('',#1499,.T.);
#1649=FACE_BOUND('',#1500,.T.);
#1650=FACE_BOUND('',#1501,.T.);
#1651=FACE_BOUND('',#1502,.T.);
#1652=FACE_BOUND('',#1503,.T.);
#1653=FACE_BOUND('',#1504,.T.);
#1654=FACE_BOUND('',#1505,.T.);
#1655=FACE_BOUND('',#1506,.T.);
#1656=FACE_BOUND('',#1507,.T.);
#1657=FACE_BOUND('',#1508,.T.);
#1658=FACE_BOUND('',#1509,.T.);
#1659=FACE_BOUND('',#1510,.T.);
#1660=FACE_BOUND('',#1511,.T.);
#1661=FACE_BOUND('',#1512,.T.);
#1662=FACE_BOUND('',#1513,.T.);
#1663=FACE_BOUND('',#1514,.T.);
#1664=FACE_BOUND('',#1515,.T.);
#1665=FACE_BOUND('',#1516,.T.);
#1666=FACE_BOUND('',#1517,.T.);
#1667=FACE_BOUND('',#1518,.T.);
#1668=FACE_BOUND('',#1519,.T.);
#1669=FACE_BOUND('',#1520,.T.);
#1670=FACE_BOUND('',#1521,.T.);
#1671=FACE_BOUND('',#1522,.T.);
#1672=FACE_BOUND('',#1523,.T.);
#1673=FACE_BOUND('',#1524,.T.);
#1674=FACE_BOUND('',#1525,.T.);
#1675=FACE_BOUND('',#1526,.T.);
#1676=FACE_BOUND('',#1527,.T.);
#1677=FACE_BOUND('',#1528,.T.);
#1678=FACE_BOUND('',#1529,.T.);
#1679=FACE_BOUND('',#1530,.T.);
#1680=FACE_BOUND('',#1531,.T.);
#1681=FACE_BOUND('',#1532,.T.);
#1682=FACE_BOUND('',#1533,.T.);
#1683=FACE_BOUND('',#1534,.T.);
#1684=FACE_BOUND('',#1535,.T.);
#1685=FACE_BOUND('',#1536,.T.);
#1686=FACE_BOUND('',#1537,.T.);
#1687=FACE_BOUND('',#1538,.T.);
#1688=FACE_BOUND('',#1539,.T.);
#1689=FACE_BOUND('',#1540,.T.);
#1690=FACE_BOUND('',#1541,.T.);
#1691=FACE_BOUND('',#1542,.T.);
#1692=FACE_BOUND('',#1543,.T.);
#1693=FACE_BOUND('',#1544,.T.);
#1694=FACE_BOUND('',#1545,.T.);
#1695=FACE_BOUND('',#1546,.T.);
#1696=FACE_BOUND('',#1547,.T.);
#1697=FACE_BOUND('',#1548,.T.);
#1698=FACE_BOUND('',#1549,.T.);
#1699=FACE_BOUND('',#1550,.T.);
#1700=FACE_BOUND('',#1551,.T.);
#1701=FACE_BOUND('',#1552,.T.);
#1702=FACE_BOUND('',#1553,.T.);
#1703=FACE_BOUND('',#1554,.T.);
#1704=FACE_BOUND('',#1555,.T.);
#1705=FACE_BOUND('',#1556,.T.);
#1706=FACE_BOUND('',#1557,.T.);
#1707=FACE_BOUND('',#1558,.T.);
#1708=FACE_BOUND('',#1559,.T.);
#1709=FACE_BOUND('',#1560,.T.);
#1710=FACE_BOUND('',#1561,.T.);
#1711=FACE_BOUND('',#1562,.T.);
#1712=FACE_BOUND('',#1563,.T.);
#1713=FACE_BOUND('',#1564,.T.);
#1714=FACE_BOUND('',#1565,.T.);
#1715=FACE_BOUND('',#1566,.T.);
#1716=FACE_BOUND('',#1567,.T.);
#1717=FACE_BOUND('',#1568,.T.);
#1718=FACE_BOUND('',#1569,.T.);
#1719=FACE_BOUND('',#1570,.T.);
#1720=FACE_BOUND('',#1571,.T.);
#1721=FACE_BOUND('',#1572,.T.);
#1722=FACE_BOUND('',#1573,.T.);
#1723=FACE_BOUND('',#1574,.T.);
#1724=FACE_BOUND('',#1575,.T.);
#1725=FACE_BOUND('',#1576,.T.);
#1726=FACE_BOUND('',#1577,.T.);
#1727=FACE_BOUND('',#1578,.T.);
#1728=FACE_BOUND('',#1579,.T.);
#1729=FACE_BOUND('',#1580,.T.);
#1730=FACE_BOUND('',#1581,.T.);
#1731=FACE_BOUND('',#1582,.T.);
#1732=FACE_BOUND('',#1583,.T.);
#1733=FACE_BOUND('',#1584,.T.);
#1734=FACE_BOUND('',#1585,.T.);
#1735=FACE_BOUND('',#1586,.T.);
#1736=FACE_BOUND('',#1587,.T.);
#1737=FACE_BOUND('',#1588,.T.);
#1738=FACE_BOUND('',#1589,.T.);
#1739=FACE_BOUND('',#1590,.T.);
#1740=PLANE('',#1986);
#1741=PLANE('',#1987);
#1742=PLANE('',#1991);
#1743=PLANE('',#1992);
#1744=PLANE('',#1993);
#1745=PLANE('',#1996);
#1746=PLANE('',#2001);
#1747=PLANE('',#2003);
#1748=PLANE('',#2004);
#1749=PLANE('',#2005);
#1750=PLANE('',#2006);
#1751=PLANE('',#2007);
#1752=PLANE('',#2008);
#1753=PLANE('',#2009);
#1754=PLANE('',#2010);
#1755=PLANE('',#2011);
#1756=PLANE('',#2012);
#1757=PLANE('',#2015);
#1758=PLANE('',#2016);
#1759=PLANE('',#2017);
#1760=PLANE('',#2021);
#1761=PLANE('',#2024);
#1762=PLANE('',#2029);
#1763=PLANE('',#2033);
#1764=PLANE('',#2035);
#1765=PLANE('',#2036);
#1766=PLANE('',#2037);
#1767=PLANE('',#2045);
#1768=PLANE('',#2046);
#1769=PLANE('',#2047);
#1770=PLANE('',#2050);
#1771=PLANE('',#2063);
#1772=PLANE('',#2065);
#1773=PLANE('',#2066);
#1774=PLANE('',#2067);
#1775=PLANE('',#2068);
#1776=PLANE('',#2069);
#1777=PLANE('',#2070);
#1778=PLANE('',#2071);
#1779=PLANE('',#2072);
#1780=PLANE('',#2073);
#1781=PLANE('',#2074);
#1782=PLANE('',#2075);
#1783=PLANE('',#2078);
#1784=PLANE('',#2079);
#1785=PLANE('',#2080);
#1786=PLANE('',#2081);
#1787=PLANE('',#2084);
#1788=PLANE('',#2085);
#1789=PLANE('',#2090);
#1790=PLANE('',#2091);
#1791=PLANE('',#2101);
#1792=PLANE('',#2102);
#1793=PLANE('',#2109);
#1794=PLANE('',#2112);
#1795=PLANE('',#2115);
#1796=PLANE('',#2118);
#1797=PLANE('',#2121);
#1798=PLANE('',#2128);
#1799=PLANE('',#2129);
#1800=PLANE('',#2134);
#1801=PLANE('',#2135);
#1802=PLANE('',#2136);
#1803=PLANE('',#2137);
#1804=PLANE('',#2138);
#1805=PLANE('',#2139);
#1806=PLANE('',#2140);
#1807=PLANE('',#2141);
#1808=PLANE('',#2142);
#1809=PLANE('',#2143);
#1810=PLANE('',#2144);
#1811=PLANE('',#2145);
#1812=PLANE('',#2146);
#1813=PLANE('',#2147);
#1814=PLANE('',#2149);
#1815=PLANE('',#2150);
#1816=PLANE('',#2151);
#1817=PLANE('',#2152);
#1818=PLANE('',#2153);
#1819=PLANE('',#2154);
#1820=ADVANCED_FACE('',(#1591),#1740,.T.);
#1821=ADVANCED_FACE('',(#1592,#1593),#1741,.T.);
#1822=ADVANCED_FACE('',(#1594),#1742,.T.);
#1823=ADVANCED_FACE('',(#1595),#1743,.T.);
#1824=ADVANCED_FACE('',(#1596),#1744,.T.);
#1825=ADVANCED_FACE('',(#1597),#76,.T.);
#1826=ADVANCED_FACE('',(#1598),#1745,.T.);
#1827=ADVANCED_FACE('',(#1599),#77,.T.);
#1828=ADVANCED_FACE('',(#1600,#1601),#78,.F.);
#1829=ADVANCED_FACE('',(#1602,#1603,#1604),#1746,.F.);
#1830=ADVANCED_FACE('',(#1605),#1747,.T.);
#1831=ADVANCED_FACE('',(#1606),#1748,.F.);
#1832=ADVANCED_FACE('',(#1607),#1749,.F.);
#1833=ADVANCED_FACE('',(#1608),#1750,.F.);
#1834=ADVANCED_FACE('',(#1609),#1751,.T.);
#1835=ADVANCED_FACE('',(#1610),#1752,.T.);
#1836=ADVANCED_FACE('',(#1611),#1753,.T.);
#1837=ADVANCED_FACE('',(#1612),#1754,.T.);
#1838=ADVANCED_FACE('',(#1613),#1755,.F.);
#1839=ADVANCED_FACE('',(#1614),#1756,.T.);
#1840=ADVANCED_FACE('',(#1615,#1616),#79,.F.);
#1841=ADVANCED_FACE('',(#1617),#1757,.T.);
#1842=ADVANCED_FACE('',(#1618),#1758,.T.);
#1843=ADVANCED_FACE('',(#1619,#1620),#1759,.T.);
#1844=ADVANCED_FACE('',(#1621),#1760,.T.);
#1845=ADVANCED_FACE('',(#1622),#80,.T.);
#1846=ADVANCED_FACE('',(#1623),#1761,.T.);
#1847=ADVANCED_FACE('',(#1624),#81,.T.);
#1848=ADVANCED_FACE('',(#1625,#1626),#82,.F.);
#1849=ADVANCED_FACE('',(#1627,#1628,#1629),#1762,.F.);
#1850=ADVANCED_FACE('',(#1630,#1631),#83,.F.);
#1851=ADVANCED_FACE('',(#1632),#1763,.T.);
#1852=ADVANCED_FACE('',(#1633),#1764,.T.);
#1853=ADVANCED_FACE('',(#1634),#1765,.T.);
#1854=ADVANCED_FACE('',(#1635,#1636,#1637,#1638,#1639,#1640),#1766,.T.);
#1855=ADVANCED_FACE('',(#1641),#1767,.T.);
#1856=ADVANCED_FACE('',(#1642),#1768,.T.);
#1857=ADVANCED_FACE('',(#1643),#1769,.T.);
#1858=ADVANCED_FACE('',(#1644),#84,.T.);
#1859=ADVANCED_FACE('',(#1645),#1770,.T.);
#1860=ADVANCED_FACE('',(#1646,#1647),#85,.F.);
#1861=ADVANCED_FACE('',(#1648,#1649),#86,.F.);
#1862=ADVANCED_FACE('',(#1650,#1651),#87,.F.);
#1863=ADVANCED_FACE('',(#1652,#1653),#88,.F.);
#1864=ADVANCED_FACE('',(#1654),#89,.T.);
#1865=ADVANCED_FACE('',(#1655,#1656),#90,.F.);
#1866=ADVANCED_FACE('',(#1657,#1658,#1659,#1660,#1661,#1662,#1663),#1771,
 .F.);
#1867=ADVANCED_FACE('',(#1664),#1772,.T.);
#1868=ADVANCED_FACE('',(#1665),#1773,.F.);
#1869=ADVANCED_FACE('',(#1666),#1774,.F.);
#1870=ADVANCED_FACE('',(#1667),#1775,.F.);
#1871=ADVANCED_FACE('',(#1668),#1776,.T.);
#1872=ADVANCED_FACE('',(#1669),#1777,.T.);
#1873=ADVANCED_FACE('',(#1670),#1778,.F.);
#1874=ADVANCED_FACE('',(#1671),#1779,.T.);
#1875=ADVANCED_FACE('',(#1672),#1780,.T.);
#1876=ADVANCED_FACE('',(#1673),#1781,.T.);
#1877=ADVANCED_FACE('',(#1674,#1675),#1782,.F.);
#1878=ADVANCED_FACE('',(#1676,#1677),#91,.F.);
#1879=ADVANCED_FACE('',(#1678),#1783,.T.);
#1880=ADVANCED_FACE('',(#1679),#1784,.F.);
#1881=ADVANCED_FACE('',(#1680),#1785,.T.);
#1882=ADVANCED_FACE('',(#1681),#1786,.T.);
#1883=ADVANCED_FACE('',(#1682),#1787,.T.);
#1884=ADVANCED_FACE('',(#1683),#1788,.F.);
#1885=ADVANCED_FACE('',(#1684),#1789,.F.);
#1886=ADVANCED_FACE('',(#1685,#1686,#1687,#1688,#1689,#1690),#1790,.T.);
#1887=ADVANCED_FACE('',(#1691),#1791,.T.);
#1888=ADVANCED_FACE('',(#1692),#1792,.F.);
#1889=ADVANCED_FACE('',(#1693),#92,.T.);
#1890=ADVANCED_FACE('',(#1694),#93,.T.);
#1891=ADVANCED_FACE('',(#1695),#94,.T.);
#1892=ADVANCED_FACE('',(#1696),#95,.T.);
#1893=ADVANCED_FACE('',(#1697,#1698),#96,.F.);
#1894=ADVANCED_FACE('',(#1699),#1793,.T.);
#1895=ADVANCED_FACE('',(#1700,#1701),#97,.F.);
#1896=ADVANCED_FACE('',(#1702),#1794,.T.);
#1897=ADVANCED_FACE('',(#1703,#1704),#98,.F.);
#1898=ADVANCED_FACE('',(#1705),#1795,.T.);
#1899=ADVANCED_FACE('',(#1706,#1707),#99,.F.);
#1900=ADVANCED_FACE('',(#1708),#1796,.T.);
#1901=ADVANCED_FACE('',(#1709,#1710),#100,.T.);
#1902=ADVANCED_FACE('',(#1711,#1712),#1797,.T.);
#1903=ADVANCED_FACE('',(#1713,#1714),#101,.T.);
#1904=ADVANCED_FACE('',(#1715,#1716),#102,.F.);
#1905=ADVANCED_FACE('',(#1717,#1718),#1798,.T.);
#1906=ADVANCED_FACE('',(#1719),#1799,.T.);
#1907=ADVANCED_FACE('',(#1720),#1800,.F.);
#1908=ADVANCED_FACE('',(#1721),#1801,.F.);
#1909=ADVANCED_FACE('',(#1722),#1802,.T.);
#1910=ADVANCED_FACE('',(#1723),#1803,.T.);
#1911=ADVANCED_FACE('',(#1724),#1804,.F.);
#1912=ADVANCED_FACE('',(#1725),#1805,.T.);
#1913=ADVANCED_FACE('',(#1726),#1806,.F.);
#1914=ADVANCED_FACE('',(#1727),#1807,.T.);
#1915=ADVANCED_FACE('',(#1728),#1808,.T.);
#1916=ADVANCED_FACE('',(#1729),#1809,.T.);
#1917=ADVANCED_FACE('',(#1730),#1810,.T.);
#1918=ADVANCED_FACE('',(#1731),#1811,.T.);
#1919=ADVANCED_FACE('',(#1732),#1812,.T.);
#1920=ADVANCED_FACE('',(#1733),#1813,.T.);
#1921=ADVANCED_FACE('',(#1734),#1814,.F.);
#1922=ADVANCED_FACE('',(#1735),#1815,.F.);
#1923=ADVANCED_FACE('',(#1736),#1816,.F.);
#1924=ADVANCED_FACE('',(#1737),#1817,.F.);
#1925=ADVANCED_FACE('',(#1738),#1818,.F.);
#1926=ADVANCED_FACE('',(#1739),#1819,.T.);
#1927=CLOSED_SHELL('',(#1820,#1821,#1822,#1823,#1824,#1825,#1826,#1827,
#1828,#1829,#1830,#1831,#1832,#1833,#1834,#1835,#1836,#1837,#1838,#1839,
#1840,#1841,#1842,#1843,#1844,#1845,#1846,#1847,#1848,#1849,#1850,#1851));
#1928=CLOSED_SHELL('',(#1852,#1853,#1854,#1855,#1856,#1857,#1858,#1859,
#1860,#1861,#1862,#1863,#1864,#1865,#1866,#1867,#1868,#1869,#1870,#1871,
#1872,#1873,#1874,#1875,#1876,#1877,#1878,#1879,#1880,#1881,#1882));
#1929=CLOSED_SHELL('',(#1883,#1884,#1885,#1886,#1887,#1888,#1889,#1890,
#1891,#1892,#1893,#1894,#1895,#1896,#1897,#1898,#1899,#1900,#1901,#1902,
#1903,#1904,#1905,#1906));
#1930=CLOSED_SHELL('',(#1907,#1908,#1909,#1910,#1911,#1912,#1913,#1914,
#1915,#1916,#1917,#1918,#1919,#1920));
#1931=CLOSED_SHELL('',(#1921,#1922,#1923,#1924,#1925,#1926));
#1932=STYLED_ITEM('',(#1937),#1968);
#1933=STYLED_ITEM('',(#1938),#1969);
#1934=STYLED_ITEM('',(#1939),#1970);
#1935=STYLED_ITEM('',(#1940),#1971);
#1936=STYLED_ITEM('',(#1941),#1972);
#1937=PRESENTATION_STYLE_ASSIGNMENT((#1942));
#1938=PRESENTATION_STYLE_ASSIGNMENT((#1943));
#1939=PRESENTATION_STYLE_ASSIGNMENT((#1944));
#1940=PRESENTATION_STYLE_ASSIGNMENT((#1945));
#1941=PRESENTATION_STYLE_ASSIGNMENT((#1946));
#1942=SURFACE_STYLE_USAGE(.BOTH.,#1947);
#1943=SURFACE_STYLE_USAGE(.BOTH.,#1948);
#1944=SURFACE_STYLE_USAGE(.BOTH.,#1949);
#1945=SURFACE_STYLE_USAGE(.BOTH.,#1950);
#1946=SURFACE_STYLE_USAGE(.BOTH.,#1951);
#1947=SURFACE_SIDE_STYLE('',(#1952));
#1948=SURFACE_SIDE_STYLE('',(#1953));
#1949=SURFACE_SIDE_STYLE('',(#1954));
#1950=SURFACE_SIDE_STYLE('',(#1955));
#1951=SURFACE_SIDE_STYLE('',(#1956));
#1952=SURFACE_STYLE_FILL_AREA(#1957);
#1953=SURFACE_STYLE_FILL_AREA(#1958);
#1954=SURFACE_STYLE_FILL_AREA(#1959);
#1955=SURFACE_STYLE_FILL_AREA(#1960);
#1956=SURFACE_STYLE_FILL_AREA(#1961);
#1957=FILL_AREA_STYLE('',(#1962));
#1958=FILL_AREA_STYLE('',(#1963));
#1959=FILL_AREA_STYLE('',(#1964));
#1960=FILL_AREA_STYLE('',(#1965));
#1961=FILL_AREA_STYLE('',(#1966));
#1962=FILL_AREA_STYLE_COLOUR('',#1967);
#1963=FILL_AREA_STYLE_COLOUR('',#1967);
#1964=FILL_AREA_STYLE_COLOUR('',#1967);
#1965=FILL_AREA_STYLE_COLOUR('',#1967);
#1966=FILL_AREA_STYLE_COLOUR('',#1967);
#1967=COLOUR_RGB('',0.615686274509804,0.811764705882353,0.929411764705882);
#1968=MANIFOLD_SOLID_BREP('Part 1',#1927);
#1969=MANIFOLD_SOLID_BREP('Part 1',#1928);
#1970=MANIFOLD_SOLID_BREP('Part 1',#1929);
#1971=MANIFOLD_SOLID_BREP('Part 1',#1930);
#1972=MANIFOLD_SOLID_BREP('Part 1',#1931);
#1973=SHAPE_DEFINITION_REPRESENTATION(#3258,#1979);
#1974=SHAPE_DEFINITION_REPRESENTATION(#3259,#1980);
#1975=SHAPE_DEFINITION_REPRESENTATION(#3261,#1981);
#1976=SHAPE_DEFINITION_REPRESENTATION(#3264,#1982);
#1977=SHAPE_DEFINITION_REPRESENTATION(#3269,#1983);
#1978=SHAPE_DEFINITION_REPRESENTATION(#3271,#1984);
#1979=SHAPE_REPRESENTATION('Assembly 1',(#1985,#2034,#2082,#2083,#2130,
#2131,#2132,#2133,#2148,#2155,#2156,#2157,#2158,#2159,#2160),#3243);
#1980=SHAPE_REPRESENTATION('Part 1',(#1985),#3244);
#1981=SHAPE_REPRESENTATION('Part 1',(#1985),#3245);
#1982=SHAPE_REPRESENTATION('Part 1',(#1985),#3246);
#1983=SHAPE_REPRESENTATION('Part 1',(#1985),#3247);
#1984=SHAPE_REPRESENTATION('Part 1',(#1985),#3248);
#1985=AXIS2_PLACEMENT_3D('',#2703,#2161,#2162);
#1986=AXIS2_PLACEMENT_3D('',#2704,#2163,#2164);
#1987=AXIS2_PLACEMENT_3D('',#2713,#2169,#2170);
#1988=AXIS2_PLACEMENT_3D('',#2714,#2171,#2172);
#1989=AXIS2_PLACEMENT_3D('',#2723,#2176,#2177);
#1990=AXIS2_PLACEMENT_3D('',#2727,#2179,#2180);
#1991=AXIS2_PLACEMENT_3D('',#2730,#2182,#2183);
#1992=AXIS2_PLACEMENT_3D('',#2736,#2187,#2188);
#1993=AXIS2_PLACEMENT_3D('',#2745,#2193,#2194);
#1994=AXIS2_PLACEMENT_3D('',#2756,#2201,#2202);
#1995=AXIS2_PLACEMENT_3D('',#2757,#2203,#2204);
#1996=AXIS2_PLACEMENT_3D('',#2760,#2206,#2207);
#1997=AXIS2_PLACEMENT_3D('',#2764,#2210,#2211);
#1998=AXIS2_PLACEMENT_3D('',#2765,#2212,#2213);
#1999=AXIS2_PLACEMENT_3D('',#2766,#2214,#2215);
#2000=AXIS2_PLACEMENT_3D('',#2767,#2216,#2217);
#2001=AXIS2_PLACEMENT_3D('',#2769,#2218,#2219);
#2002=AXIS2_PLACEMENT_3D('',#2770,#2220,#2221);
#2003=AXIS2_PLACEMENT_3D('',#2775,#2224,#2225);
#2004=AXIS2_PLACEMENT_3D('',#2779,#2228,#2229);
#2005=AXIS2_PLACEMENT_3D('',#2796,#2239,#2240);
#2006=AXIS2_PLACEMENT_3D('',#2800,#2243,#2244);
#2007=AXIS2_PLACEMENT_3D('',#2808,#2249,#2250);
#2008=AXIS2_PLACEMENT_3D('',#2812,#2253,#2254);
#2009=AXIS2_PLACEMENT_3D('',#2816,#2257,#2258);
#2010=AXIS2_PLACEMENT_3D('',#2820,#2261,#2262);
#2011=AXIS2_PLACEMENT_3D('',#2824,#2265,#2266);
#2012=AXIS2_PLACEMENT_3D('',#2826,#2268,#2269);
#2013=AXIS2_PLACEMENT_3D('',#2829,#2272,#2273);
#2014=AXIS2_PLACEMENT_3D('',#2830,#2274,#2275);
#2015=AXIS2_PLACEMENT_3D('',#2832,#2276,#2277);
#2016=AXIS2_PLACEMENT_3D('',#2833,#2278,#2279);
#2017=AXIS2_PLACEMENT_3D('',#2834,#2280,#2281);
#2018=AXIS2_PLACEMENT_3D('',#2835,#2282,#2283);
#2019=AXIS2_PLACEMENT_3D('',#2839,#2285,#2286);
#2020=AXIS2_PLACEMENT_3D('',#2843,#2288,#2289);
#2021=AXIS2_PLACEMENT_3D('',#2844,#2290,#2291);
#2022=AXIS2_PLACEMENT_3D('',#2848,#2294,#2295);
#2023=AXIS2_PLACEMENT_3D('',#2849,#2296,#2297);
#2024=AXIS2_PLACEMENT_3D('',#2852,#2299,#2300);
#2025=AXIS2_PLACEMENT_3D('',#2856,#2303,#2304);
#2026=AXIS2_PLACEMENT_3D('',#2857,#2305,#2306);
#2027=AXIS2_PLACEMENT_3D('',#2858,#2307,#2308);
#2028=AXIS2_PLACEMENT_3D('',#2859,#2309,#2310);
#2029=AXIS2_PLACEMENT_3D('',#2861,#2311,#2312);
#2030=AXIS2_PLACEMENT_3D('',#2862,#2313,#2314);
#2031=AXIS2_PLACEMENT_3D('',#2864,#2315,#2316);
#2032=AXIS2_PLACEMENT_3D('',#2865,#2317,#2318);
#2033=AXIS2_PLACEMENT_3D('',#2867,#2319,#2320);
#2034=AXIS2_PLACEMENT_3D('',#2868,#2321,#2322);
#2035=AXIS2_PLACEMENT_3D('',#2869,#2323,#2324);
#2036=AXIS2_PLACEMENT_3D('',#2902,#2341,#2342);
#2037=AXIS2_PLACEMENT_3D('',#2917,#2351,#2352);
#2038=AXIS2_PLACEMENT_3D('',#2918,#2353,#2354);
#2039=AXIS2_PLACEMENT_3D('',#2920,#2355,#2356);
#2040=AXIS2_PLACEMENT_3D('',#2922,#2357,#2358);
#2041=AXIS2_PLACEMENT_3D('',#2924,#2359,#2360);
#2042=AXIS2_PLACEMENT_3D('',#2926,#2361,#2362);
#2043=AXIS2_PLACEMENT_3D('',#2935,#2366,#2367);
#2044=AXIS2_PLACEMENT_3D('',#2939,#2369,#2370);
#2045=AXIS2_PLACEMENT_3D('',#2942,#2372,#2373);
#2046=AXIS2_PLACEMENT_3D('',#2948,#2377,#2378);
#2047=AXIS2_PLACEMENT_3D('',#2952,#2381,#2382);
#2048=AXIS2_PLACEMENT_3D('',#2957,#2386,#2387);
#2049=AXIS2_PLACEMENT_3D('',#2958,#2388,#2389);
#2050=AXIS2_PLACEMENT_3D('',#2961,#2391,#2392);
#2051=AXIS2_PLACEMENT_3D('',#2965,#2395,#2396);
#2052=AXIS2_PLACEMENT_3D('',#2966,#2397,#2398);
#2053=AXIS2_PLACEMENT_3D('',#2968,#2399,#2400);
#2054=AXIS2_PLACEMENT_3D('',#2969,#2401,#2402);
#2055=AXIS2_PLACEMENT_3D('',#2971,#2403,#2404);
#2056=AXIS2_PLACEMENT_3D('',#2972,#2405,#2406);
#2057=AXIS2_PLACEMENT_3D('',#2974,#2407,#2408);
#2058=AXIS2_PLACEMENT_3D('',#2975,#2409,#2410);
#2059=AXIS2_PLACEMENT_3D('',#2977,#2411,#2412);
#2060=AXIS2_PLACEMENT_3D('',#2978,#2413,#2414);
#2061=AXIS2_PLACEMENT_3D('',#2979,#2415,#2416);
#2062=AXIS2_PLACEMENT_3D('',#2980,#2417,#2418);
#2063=AXIS2_PLACEMENT_3D('',#2982,#2419,#2420);
#2064=AXIS2_PLACEMENT_3D('',#2983,#2421,#2422);
#2065=AXIS2_PLACEMENT_3D('',#2986,#2424,#2425);
#2066=AXIS2_PLACEMENT_3D('',#2988,#2427,#2428);
#2067=AXIS2_PLACEMENT_3D('',#3006,#2438,#2439);
#2068=AXIS2_PLACEMENT_3D('',#3008,#2441,#2442);
#2069=AXIS2_PLACEMENT_3D('',#3010,#2444,#2445);
#2070=AXIS2_PLACEMENT_3D('',#3012,#2447,#2448);
#2071=AXIS2_PLACEMENT_3D('',#3014,#2450,#2451);
#2072=AXIS2_PLACEMENT_3D('',#3016,#2453,#2454);
#2073=AXIS2_PLACEMENT_3D('',#3018,#2456,#2457);
#2074=AXIS2_PLACEMENT_3D('',#3020,#2459,#2460);
#2075=AXIS2_PLACEMENT_3D('',#3022,#2462,#2463);
#2076=AXIS2_PLACEMENT_3D('',#3023,#2464,#2465);
#2077=AXIS2_PLACEMENT_3D('',#3025,#2466,#2467);
#2078=AXIS2_PLACEMENT_3D('',#3026,#2468,#2469);
#2079=AXIS2_PLACEMENT_3D('',#3030,#2472,#2473);
#2080=AXIS2_PLACEMENT_3D('',#3034,#2476,#2477);
#2081=AXIS2_PLACEMENT_3D('',#3036,#2479,#2480);
#2082=AXIS2_PLACEMENT_3D('',#3037,#2481,#2482);
#2083=AXIS2_PLACEMENT_3D('',#3038,#2483,#2484);
#2084=AXIS2_PLACEMENT_3D('',#3039,#2485,#2486);
#2085=AXIS2_PLACEMENT_3D('',#3048,#2491,#2492);
#2086=AXIS2_PLACEMENT_3D('',#3049,#2493,#2494);
#2087=AXIS2_PLACEMENT_3D('',#3053,#2496,#2497);
#2088=AXIS2_PLACEMENT_3D('',#3057,#2499,#2500);
#2089=AXIS2_PLACEMENT_3D('',#3061,#2502,#2503);
#2090=AXIS2_PLACEMENT_3D('',#3062,#2504,#2505);
#2091=AXIS2_PLACEMENT_3D('',#3068,#2509,#2510);
#2092=AXIS2_PLACEMENT_3D('',#3069,#2511,#2512);
#2093=AXIS2_PLACEMENT_3D('',#3071,#2513,#2514);
#2094=AXIS2_PLACEMENT_3D('',#3073,#2515,#2516);
#2095=AXIS2_PLACEMENT_3D('',#3075,#2517,#2518);
#2096=AXIS2_PLACEMENT_3D('',#3077,#2519,#2520);
#2097=AXIS2_PLACEMENT_3D('',#3082,#2522,#2523);
#2098=AXIS2_PLACEMENT_3D('',#3083,#2524,#2525);
#2099=AXIS2_PLACEMENT_3D('',#3087,#2527,#2528);
#2100=AXIS2_PLACEMENT_3D('',#3088,#2529,#2530);
#2101=AXIS2_PLACEMENT_3D('',#3089,#2531,#2532);
#2102=AXIS2_PLACEMENT_3D('',#3092,#2535,#2536);
#2103=AXIS2_PLACEMENT_3D('',#3095,#2539,#2540);
#2104=AXIS2_PLACEMENT_3D('',#3096,#2541,#2542);
#2105=AXIS2_PLACEMENT_3D('',#3097,#2543,#2544);
#2106=AXIS2_PLACEMENT_3D('',#3098,#2545,#2546);
#2107=AXIS2_PLACEMENT_3D('',#3099,#2547,#2548);
#2108=AXIS2_PLACEMENT_3D('',#3100,#2549,#2550);
#2109=AXIS2_PLACEMENT_3D('',#3102,#2551,#2552);
#2110=AXIS2_PLACEMENT_3D('',#3103,#2553,#2554);
#2111=AXIS2_PLACEMENT_3D('',#3104,#2555,#2556);
#2112=AXIS2_PLACEMENT_3D('',#3106,#2557,#2558);
#2113=AXIS2_PLACEMENT_3D('',#3107,#2559,#2560);
#2114=AXIS2_PLACEMENT_3D('',#3108,#2561,#2562);
#2115=AXIS2_PLACEMENT_3D('',#3110,#2563,#2564);
#2116=AXIS2_PLACEMENT_3D('',#3111,#2565,#2566);
#2117=AXIS2_PLACEMENT_3D('',#3112,#2567,#2568);
#2118=AXIS2_PLACEMENT_3D('',#3114,#2569,#2570);
#2119=AXIS2_PLACEMENT_3D('',#3115,#2571,#2572);
#2120=AXIS2_PLACEMENT_3D('',#3116,#2573,#2574);
#2121=AXIS2_PLACEMENT_3D('',#3118,#2575,#2576);
#2122=AXIS2_PLACEMENT_3D('',#3119,#2577,#2578);
#2123=AXIS2_PLACEMENT_3D('',#3121,#2579,#2580);
#2124=AXIS2_PLACEMENT_3D('',#3122,#2581,#2582);
#2125=AXIS2_PLACEMENT_3D('',#3124,#2583,#2584);
#2126=AXIS2_PLACEMENT_3D('',#3126,#2585,#2586);
#2127=AXIS2_PLACEMENT_3D('',#3127,#2587,#2588);
#2128=AXIS2_PLACEMENT_3D('',#3129,#2589,#2590);
#2129=AXIS2_PLACEMENT_3D('',#3130,#2591,#2592);
#2130=AXIS2_PLACEMENT_3D('',#3131,#2593,#2594);
#2131=AXIS2_PLACEMENT_3D('',#3132,#2595,#2596);
#2132=AXIS2_PLACEMENT_3D('',#3133,#2597,#2598);
#2133=AXIS2_PLACEMENT_3D('',#3134,#2599,#2600);
#2134=AXIS2_PLACEMENT_3D('',#3135,#2601,#2602);
#2135=AXIS2_PLACEMENT_3D('',#3144,#2607,#2608);
#2136=AXIS2_PLACEMENT_3D('',#3166,#2620,#2621);
#2137=AXIS2_PLACEMENT_3D('',#3188,#2633,#2634);
#2138=AXIS2_PLACEMENT_3D('',#3190,#2636,#2637);
#2139=AXIS2_PLACEMENT_3D('',#3193,#2640,#2641);
#2140=AXIS2_PLACEMENT_3D('',#3194,#2642,#2643);
#2141=AXIS2_PLACEMENT_3D('',#3196,#2645,#2646);
#2142=AXIS2_PLACEMENT_3D('',#3198,#2648,#2649);
#2143=AXIS2_PLACEMENT_3D('',#3200,#2651,#2652);
#2144=AXIS2_PLACEMENT_3D('',#3202,#2654,#2655);
#2145=AXIS2_PLACEMENT_3D('',#3204,#2657,#2658);
#2146=AXIS2_PLACEMENT_3D('',#3206,#2660,#2661);
#2147=AXIS2_PLACEMENT_3D('',#3208,#2663,#2664);
#2148=AXIS2_PLACEMENT_3D('',#3209,#2665,#2666);
#2149=AXIS2_PLACEMENT_3D('',#3210,#2667,#2668);
#2150=AXIS2_PLACEMENT_3D('',#3219,#2673,#2674);
#2151=AXIS2_PLACEMENT_3D('',#3225,#2678,#2679);
#2152=AXIS2_PLACEMENT_3D('',#3231,#2683,#2684);
#2153=AXIS2_PLACEMENT_3D('',#3234,#2687,#2688);
#2154=AXIS2_PLACEMENT_3D('',#3235,#2689,#2690);
#2155=AXIS2_PLACEMENT_3D('',#3236,#2691,#2692);
#2156=AXIS2_PLACEMENT_3D('',#3237,#2693,#2694);
#2157=AXIS2_PLACEMENT_3D('',#3238,#2695,#2696);
#2158=AXIS2_PLACEMENT_3D('',#3239,#2697,#2698);
#2159=AXIS2_PLACEMENT_3D('',#3240,#2699,#2700);
#2160=AXIS2_PLACEMENT_3D('',#3241,#2701,#2702);
#2161=DIRECTION('',(0.,0.,1.));
#2162=DIRECTION('',(1.,0.,0.));
#2163=DIRECTION('',(0.,0.,1.));
#2164=DIRECTION('',(1.,0.,0.));
#2165=DIRECTION('',(0.,-1.,0.));
#2166=DIRECTION('',(1.,0.,0.));
#2167=DIRECTION('',(0.,-1.,0.));
#2168=DIRECTION('',(1.,0.,0.));
#2169=DIRECTION('',(0.,-1.,0.));
#2170=DIRECTION('',(1.,0.,0.));
#2171=DIRECTION('',(0.,-1.,0.));
#2172=DIRECTION('',(0.,0.,-1.));
#2173=DIRECTION('',(0.,0.,1.));
#2174=DIRECTION('',(1.,0.,0.));
#2175=DIRECTION('',(0.,0.,-1.));
#2176=DIRECTION('',(0.,-1.,0.));
#2177=DIRECTION('',(0.,0.,-1.));
#2178=DIRECTION('',(1.,0.,0.));
#2179=DIRECTION('',(0.,-1.,0.));
#2180=DIRECTION('',(0.,0.,-1.));
#2181=DIRECTION('',(0.,0.,1.));
#2182=DIRECTION('',(-1.,0.,0.));
#2183=DIRECTION('',(0.,0.,1.));
#2184=DIRECTION('',(0.,1.,0.));
#2185=DIRECTION('',(0.,1.,0.));
#2186=DIRECTION('',(0.,0.,1.));
#2187=DIRECTION('',(0.,0.,-1.));
#2188=DIRECTION('',(-1.,0.,0.));
#2189=DIRECTION('',(0.,1.,0.));
#2190=DIRECTION('',(-1.,0.,0.));
#2191=DIRECTION('',(0.,1.,0.));
#2192=DIRECTION('',(-1.,0.,0.));
#2193=DIRECTION('',(1.,0.,0.));
#2194=DIRECTION('',(0.,0.,-1.));
#2195=DIRECTION('',(0.,0.,-1.));
#2196=DIRECTION('',(0.,1.,0.));
#2197=DIRECTION('',(0.,1.,0.));
#2198=DIRECTION('',(0.,0.,-1.));
#2199=DIRECTION('',(0.,-1.,0.));
#2200=DIRECTION('',(0.,0.,-1.));
#2201=DIRECTION('',(0.,1.,0.));
#2202=DIRECTION('',(0.,0.,1.));
#2203=DIRECTION('',(0.,-1.,0.));
#2204=DIRECTION('',(0.,0.,-1.));
#2205=DIRECTION('',(0.,1.,0.));
#2206=DIRECTION('',(0.,0.,1.));
#2207=DIRECTION('',(1.,0.,0.));
#2208=DIRECTION('',(1.,0.,0.));
#2209=DIRECTION('',(0.,1.,0.));
#2210=DIRECTION('',(0.,1.,0.));
#2211=DIRECTION('',(0.,0.,1.));
#2212=DIRECTION('',(0.,-1.,0.));
#2213=DIRECTION('',(0.,0.,-1.));
#2214=DIRECTION('',(0.,1.,0.));
#2215=DIRECTION('',(0.,0.,1.));
#2216=DIRECTION('',(0.,-1.,0.));
#2217=DIRECTION('',(0.,0.,-1.));
#2218=DIRECTION('',(0.,-1.,0.));
#2219=DIRECTION('',(1.,0.,0.));
#2220=DIRECTION('',(0.,1.,0.));
#2221=DIRECTION('',(0.,0.,1.));
#2222=DIRECTION('',(0.,0.,1.));
#2223=DIRECTION('',(1.,0.,0.));
#2224=DIRECTION('',(0.,0.,1.));
#2225=DIRECTION('',(1.,0.,0.));
#2226=DIRECTION('',(0.,1.,0.));
#2227=DIRECTION('',(1.,0.,0.));
#2228=DIRECTION('',(-1.,0.,0.));
#2229=DIRECTION('',(0.,-1.,0.));
#2230=DIRECTION('',(0.,-1.,2.69664527391683E-16));
#2231=DIRECTION('',(0.,0.,-1.));
#2232=DIRECTION('',(0.,0.,-1.));
#2233=DIRECTION('',(0.,-1.,3.09835592444653E-16));
#2234=DIRECTION('',(0.,0.,1.));
#2235=DIRECTION('',(0.,1.,0.));
#2236=DIRECTION('',(0.,0.,1.));
#2237=DIRECTION('',(0.,1.,0.));
#2238=DIRECTION('',(0.,0.,1.));
#2239=DIRECTION('',(0.,0.,-1.));
#2240=DIRECTION('',(-1.,0.,0.));
#2241=DIRECTION('',(0.,1.,0.));
#2242=DIRECTION('',(1.,0.,0.));
#2243=DIRECTION('',(0.,0.,-1.));
#2244=DIRECTION('',(-1.,0.,0.));
#2245=DIRECTION('',(1.,0.,0.));
#2246=DIRECTION('',(0.,1.,0.));
#2247=DIRECTION('',(1.,0.,0.));
#2248=DIRECTION('',(0.,-1.,0.));
#2249=DIRECTION('',(0.,1.,0.));
#2250=DIRECTION('',(0.,0.,1.));
#2251=DIRECTION('',(1.,0.,0.));
#2252=DIRECTION('',(0.,0.,1.));
#2253=DIRECTION('',(0.,3.09835592444653E-16,1.));
#2254=DIRECTION('',(0.,-1.,3.09835592444653E-16));
#2255=DIRECTION('',(1.,0.,0.));
#2256=DIRECTION('',(0.,-1.,3.09835592444653E-16));
#2257=DIRECTION('',(0.,-1.,0.));
#2258=DIRECTION('',(0.,0.,-1.));
#2259=DIRECTION('',(1.,0.,0.));
#2260=DIRECTION('',(0.,0.,-1.));
#2261=DIRECTION('',(0.,2.69664527391683E-16,1.));
#2262=DIRECTION('',(0.,-1.,2.69664527391683E-16));
#2263=DIRECTION('',(1.,0.,0.));
#2264=DIRECTION('',(0.,-1.,2.69664527391683E-16));
#2265=DIRECTION('',(0.,1.,0.));
#2266=DIRECTION('',(0.,0.,1.));
#2267=DIRECTION('',(0.,0.,1.));
#2268=DIRECTION('',(-1.,0.,0.));
#2269=DIRECTION('',(0.,-1.,0.));
#2270=DIRECTION('',(0.,0.,1.));
#2271=DIRECTION('',(0.,0.,-1.));
#2272=DIRECTION('',(0.,1.,0.));
#2273=DIRECTION('',(0.,0.,1.));
#2274=DIRECTION('',(0.,1.,0.));
#2275=DIRECTION('',(0.,0.,1.));
#2276=DIRECTION('',(0.,1.,0.));
#2277=DIRECTION('',(1.,0.,0.));
#2278=DIRECTION('',(0.,1.,0.));
#2279=DIRECTION('',(0.,0.,-1.));
#2280=DIRECTION('',(0.,1.,0.));
#2281=DIRECTION('',(1.,0.,0.));
#2282=DIRECTION('',(0.,-1.,0.));
#2283=DIRECTION('',(0.,0.,-1.));
#2284=DIRECTION('',(0.,0.,1.));
#2285=DIRECTION('',(0.,-1.,0.));
#2286=DIRECTION('',(0.,0.,-1.));
#2287=DIRECTION('',(1.,0.,0.));
#2288=DIRECTION('',(0.,-1.,0.));
#2289=DIRECTION('',(0.,0.,-1.));
#2290=DIRECTION('',(-1.,0.,0.));
#2291=DIRECTION('',(0.,0.,1.));
#2292=DIRECTION('',(0.,0.,1.));
#2293=DIRECTION('',(0.,-1.,0.));
#2294=DIRECTION('',(0.,-1.,0.));
#2295=DIRECTION('',(0.,0.,1.));
#2296=DIRECTION('',(0.,-1.,0.));
#2297=DIRECTION('',(0.,0.,-1.));
#2298=DIRECTION('',(0.,-1.,0.));
#2299=DIRECTION('',(0.,0.,1.));
#2300=DIRECTION('',(1.,0.,0.));
#2301=DIRECTION('',(1.,0.,0.));
#2302=DIRECTION('',(0.,-1.,0.));
#2303=DIRECTION('',(0.,-1.,0.));
#2304=DIRECTION('',(0.,0.,1.));
#2305=DIRECTION('',(0.,-1.,0.));
#2306=DIRECTION('',(0.,0.,-1.));
#2307=DIRECTION('',(0.,-1.,0.));
#2308=DIRECTION('',(0.,0.,1.));
#2309=DIRECTION('',(0.,-1.,0.));
#2310=DIRECTION('',(0.,0.,-1.));
#2311=DIRECTION('',(0.,1.,0.));
#2312=DIRECTION('',(1.,0.,0.));
#2313=DIRECTION('',(0.,1.,0.));
#2314=DIRECTION('',(0.,0.,1.));
#2315=DIRECTION('',(0.,-1.,0.));
#2316=DIRECTION('',(0.,0.,1.));
#2317=DIRECTION('',(0.,-1.,0.));
#2318=DIRECTION('',(0.,0.,-1.));
#2319=DIRECTION('',(0.,-1.,0.));
#2320=DIRECTION('',(1.,0.,0.));
#2321=DIRECTION('',(0.,0.,1.));
#2322=DIRECTION('',(-1.,4.85722573273506E-16,0.));
#2323=DIRECTION('',(-1.,0.,0.));
#2324=DIRECTION('',(0.,-1.,0.));
#2325=DIRECTION('',(0.,0.,1.));
#2326=DIRECTION('',(0.,-1.,0.));
#2327=DIRECTION('',(0.,0.,1.));
#2328=DIRECTION('',(0.,1.,0.));
#2329=DIRECTION('',(0.,0.,1.));
#2330=DIRECTION('',(0.,-1.,3.09835592444653E-16));
#2331=DIRECTION('',(0.,0.,-1.));
#2332=DIRECTION('',(0.,-1.,0.));
#2333=DIRECTION('',(0.,0.,-1.));
#2334=DIRECTION('',(0.,-1.,2.69664527391683E-16));
#2335=DIRECTION('',(0.,0.,1.));
#2336=DIRECTION('',(0.,1.,0.));
#2337=DIRECTION('',(0.,0.,1.));
#2338=DIRECTION('',(0.,1.,0.));
#2339=DIRECTION('',(0.,0.,1.));
#2340=DIRECTION('',(0.,-1.,0.));
#2341=DIRECTION('',(0.,-1.,0.));
#2342=DIRECTION('',(1.,0.,0.));
#2343=DIRECTION('',(1.,0.,0.));
#2344=DIRECTION('',(0.,0.,-1.));
#2345=DIRECTION('',(1.,0.,0.));
#2346=DIRECTION('',(-1.,0.,0.));
#2347=DIRECTION('',(0.,0.,-1.));
#2348=DIRECTION('',(1.,0.,0.));
#2349=DIRECTION('',(0.,0.,1.));
#2350=DIRECTION('',(1.,0.,0.));
#2351=DIRECTION('',(0.,-1.,0.));
#2352=DIRECTION('',(1.,0.,0.));
#2353=DIRECTION('',(0.,-1.,0.));
#2354=DIRECTION('',(0.,0.,-1.));
#2355=DIRECTION('',(0.,-1.,0.));
#2356=DIRECTION('',(0.,0.,-1.));
#2357=DIRECTION('',(0.,-1.,0.));
#2358=DIRECTION('',(0.,0.,-1.));
#2359=DIRECTION('',(0.,-1.,0.));
#2360=DIRECTION('',(0.,0.,-1.));
#2361=DIRECTION('',(0.,-1.,0.));
#2362=DIRECTION('',(0.,0.,-1.));
#2363=DIRECTION('',(0.,0.,1.));
#2364=DIRECTION('',(1.,0.,0.));
#2365=DIRECTION('',(0.,0.,-1.));
#2366=DIRECTION('',(0.,-1.,0.));
#2367=DIRECTION('',(0.,0.,-1.));
#2368=DIRECTION('',(1.,0.,0.));
#2369=DIRECTION('',(0.,-1.,0.));
#2370=DIRECTION('',(0.,0.,-1.));
#2371=DIRECTION('',(0.,0.,1.));
#2372=DIRECTION('',(-1.,0.,0.));
#2373=DIRECTION('',(0.,0.,1.));
#2374=DIRECTION('',(0.,1.,0.));
#2375=DIRECTION('',(0.,1.,0.));
#2376=DIRECTION('',(0.,0.,1.));
#2377=DIRECTION('',(0.,0.,-1.));
#2378=DIRECTION('',(-1.,0.,0.));
#2379=DIRECTION('',(-1.,0.,0.));
#2380=DIRECTION('',(0.,1.,0.));
#2381=DIRECTION('',(1.,0.,0.));
#2382=DIRECTION('',(0.,0.,-1.));
#2383=DIRECTION('',(0.,0.,-1.));
#2384=DIRECTION('',(0.,1.,0.));
#2385=DIRECTION('',(0.,1.,0.));
#2386=DIRECTION('',(0.,1.,0.));
#2387=DIRECTION('',(0.,0.,1.));
#2388=DIRECTION('',(0.,-1.,0.));
#2389=DIRECTION('',(0.,0.,-1.));
#2390=DIRECTION('',(0.,1.,0.));
#2391=DIRECTION('',(0.,0.,1.));
#2392=DIRECTION('',(1.,0.,0.));
#2393=DIRECTION('',(1.,0.,0.));
#2394=DIRECTION('',(0.,1.,0.));
#2395=DIRECTION('',(0.,1.,0.));
#2396=DIRECTION('',(0.,0.,1.));
#2397=DIRECTION('',(0.,-1.,0.));
#2398=DIRECTION('',(0.,0.,-1.));
#2399=DIRECTION('',(0.,1.,0.));
#2400=DIRECTION('',(0.,0.,1.));
#2401=DIRECTION('',(0.,-1.,0.));
#2402=DIRECTION('',(0.,0.,-1.));
#2403=DIRECTION('',(0.,1.,0.));
#2404=DIRECTION('',(0.,0.,1.));
#2405=DIRECTION('',(0.,-1.,0.));
#2406=DIRECTION('',(0.,0.,-1.));
#2407=DIRECTION('',(0.,1.,0.));
#2408=DIRECTION('',(0.,0.,1.));
#2409=DIRECTION('',(0.,-1.,0.));
#2410=DIRECTION('',(0.,0.,-1.));
#2411=DIRECTION('',(0.,1.,0.));
#2412=DIRECTION('',(0.,0.,1.));
#2413=DIRECTION('',(0.,-1.,0.));
#2414=DIRECTION('',(0.,0.,-1.));
#2415=DIRECTION('',(0.,1.,0.));
#2416=DIRECTION('',(0.,0.,1.));
#2417=DIRECTION('',(0.,-1.,0.));
#2418=DIRECTION('',(0.,0.,-1.));
#2419=DIRECTION('',(0.,-1.,0.));
#2420=DIRECTION('',(1.,0.,0.));
#2421=DIRECTION('',(0.,1.,0.));
#2422=DIRECTION('',(0.,0.,1.));
#2423=DIRECTION('',(1.,0.,0.));
#2424=DIRECTION('',(0.,0.,1.));
#2425=DIRECTION('',(1.,0.,0.));
#2426=DIRECTION('',(0.,1.,0.));
#2427=DIRECTION('',(-1.,0.,0.));
#2428=DIRECTION('',(0.,-1.,0.));
#2429=DIRECTION('',(0.,1.,0.));
#2430=DIRECTION('',(0.,1.,0.));
#2431=DIRECTION('',(0.,0.,1.));
#2432=DIRECTION('',(0.,-1.,2.69664527391683E-16));
#2433=DIRECTION('',(0.,0.,-1.));
#2434=DIRECTION('',(0.,-1.,0.));
#2435=DIRECTION('',(0.,0.,-1.));
#2436=DIRECTION('',(0.,-1.,3.09835592444653E-16));
#2437=DIRECTION('',(0.,0.,1.));
#2438=DIRECTION('',(0.,0.,-1.));
#2439=DIRECTION('',(-1.,0.,0.));
#2440=DIRECTION('',(1.,0.,0.));
#2441=DIRECTION('',(0.,0.,-1.));
#2442=DIRECTION('',(-1.,0.,0.));
#2443=DIRECTION('',(1.,0.,0.));
#2444=DIRECTION('',(0.,1.,0.));
#2445=DIRECTION('',(0.,0.,1.));
#2446=DIRECTION('',(1.,0.,0.));
#2447=DIRECTION('',(0.,3.09835592444653E-16,1.));
#2448=DIRECTION('',(0.,-1.,3.09835592444653E-16));
#2449=DIRECTION('',(1.,0.,0.));
#2450=DIRECTION('',(0.,-1.,0.));
#2451=DIRECTION('',(0.,0.,-1.));
#2452=DIRECTION('',(1.,0.,0.));
#2453=DIRECTION('',(0.,0.,1.));
#2454=DIRECTION('',(1.,0.,0.));
#2455=DIRECTION('',(1.,0.,0.));
#2456=DIRECTION('',(0.,-1.,0.));
#2457=DIRECTION('',(0.,0.,-1.));
#2458=DIRECTION('',(1.,0.,0.));
#2459=DIRECTION('',(0.,2.69664527391683E-16,1.));
#2460=DIRECTION('',(0.,-1.,2.69664527391683E-16));
#2461=DIRECTION('',(1.,0.,0.));
#2462=DIRECTION('',(0.,1.,0.));
#2463=DIRECTION('',(0.,0.,1.));
#2464=DIRECTION('',(0.,1.,0.));
#2465=DIRECTION('',(0.,0.,1.));
#2466=DIRECTION('',(0.,1.,0.));
#2467=DIRECTION('',(0.,0.,1.));
#2468=DIRECTION('',(0.,0.,-1.));
#2469=DIRECTION('',(-1.,0.,0.));
#2470=DIRECTION('',(1.,0.,0.));
#2471=DIRECTION('',(0.,-1.,0.));
#2472=DIRECTION('',(0.,0.,-1.));
#2473=DIRECTION('',(-1.,0.,0.));
#2474=DIRECTION('',(0.,-1.,0.));
#2475=DIRECTION('',(1.,0.,0.));
#2476=DIRECTION('',(-1.,0.,0.));
#2477=DIRECTION('',(0.,0.,1.));
#2478=DIRECTION('',(0.,0.,-1.));
#2479=DIRECTION('',(0.,-1.,0.));
#2480=DIRECTION('',(1.,0.,0.));
#2481=DIRECTION('',(0.,0.,1.));
#2482=DIRECTION('',(1.,0.,0.));
#2483=DIRECTION('',(0.,0.,1.));
#2484=DIRECTION('',(-1.38777878078145E-16,1.,0.));
#2485=DIRECTION('',(1.,1.64040045009627E-16,0.));
#2486=DIRECTION('',(-1.64040045009627E-16,1.,0.));
#2487=DIRECTION('',(0.,0.,-1.));
#2488=DIRECTION('',(1.64040045009627E-16,-1.,0.));
#2489=DIRECTION('',(0.,0.,-1.));
#2490=DIRECTION('',(1.64040045009627E-16,-1.,0.));
#2491=DIRECTION('',(0.,-1.,0.));
#2492=DIRECTION('',(0.,0.,-1.));
#2493=DIRECTION('',(0.,-1.,0.));
#2494=DIRECTION('',(0.,0.,-1.));
#2495=DIRECTION('',(-1.,0.,0.));
#2496=DIRECTION('',(0.,-1.,0.));
#2497=DIRECTION('',(0.,0.,-1.));
#2498=DIRECTION('',(0.,0.,-1.));
#2499=DIRECTION('',(0.,-1.,0.));
#2500=DIRECTION('',(0.,0.,-1.));
#2501=DIRECTION('',(-1.,0.,0.));
#2502=DIRECTION('',(0.,-1.,0.));
#2503=DIRECTION('',(0.,0.,-1.));
#2504=DIRECTION('',(1.,1.64040045009627E-16,0.));
#2505=DIRECTION('',(-1.64040045009627E-16,1.,0.));
#2506=DIRECTION('',(1.64040045009627E-16,-1.,0.));
#2507=DIRECTION('',(0.,0.,-1.));
#2508=DIRECTION('',(1.64040045009627E-16,-1.,0.));
#2509=DIRECTION('',(0.,-1.,0.));
#2510=DIRECTION('',(0.,0.,-1.));
#2511=DIRECTION('',(0.,-1.,0.));
#2512=DIRECTION('',(0.,0.,-1.));
#2513=DIRECTION('',(0.,-1.,0.));
#2514=DIRECTION('',(0.,0.,-1.));
#2515=DIRECTION('',(0.,-1.,0.));
#2516=DIRECTION('',(0.,0.,-1.));
#2517=DIRECTION('',(0.,-1.,0.));
#2518=DIRECTION('',(0.,0.,-1.));
#2519=DIRECTION('',(0.,-1.,0.));
#2520=DIRECTION('',(0.,0.,-1.));
#2521=DIRECTION('',(-1.,0.,0.));
#2522=DIRECTION('',(0.,-1.,0.));
#2523=DIRECTION('',(0.,0.,-1.));
#2524=DIRECTION('',(0.,-1.,0.));
#2525=DIRECTION('',(0.,0.,-1.));
#2526=DIRECTION('',(-1.,0.,0.));
#2527=DIRECTION('',(0.,-1.,0.));
#2528=DIRECTION('',(0.,0.,-1.));
#2529=DIRECTION('',(0.,-1.,0.));
#2530=DIRECTION('',(0.,0.,-1.));
#2531=DIRECTION('',(0.,0.,1.));
#2532=DIRECTION('',(1.,0.,0.));
#2533=DIRECTION('',(1.64040045009627E-16,-1.,0.));
#2534=DIRECTION('',(1.64040045009627E-16,-1.,0.));
#2535=DIRECTION('',(0.,0.,1.));
#2536=DIRECTION('',(1.,0.,0.));
#2537=DIRECTION('',(1.64040045009627E-16,-1.,0.));
#2538=DIRECTION('',(1.64040045009627E-16,-1.,0.));
#2539=DIRECTION('',(-1.64040045009627E-16,1.,0.));
#2540=DIRECTION('',(-1.,-1.64040045009627E-16,0.));
#2541=DIRECTION('',(1.64040045009627E-16,-1.,0.));
#2542=DIRECTION('',(1.,1.64040045009627E-16,0.));
#2543=DIRECTION('',(1.64040045009627E-16,-1.,0.));
#2544=DIRECTION('',(1.,1.64040045009627E-16,0.));
#2545=DIRECTION('',(-1.64040045009627E-16,1.,0.));
#2546=DIRECTION('',(-1.,-1.64040045009627E-16,0.));
#2547=DIRECTION('',(0.,-1.,0.));
#2548=DIRECTION('',(0.,0.,-1.));
#2549=DIRECTION('',(0.,-1.,0.));
#2550=DIRECTION('',(0.,0.,-1.));
#2551=DIRECTION('',(0.,-1.,0.));
#2552=DIRECTION('',(1.,0.,0.));
#2553=DIRECTION('',(0.,-1.,0.));
#2554=DIRECTION('',(0.,0.,-1.));
#2555=DIRECTION('',(0.,-1.,0.));
#2556=DIRECTION('',(0.,0.,-1.));
#2557=DIRECTION('',(0.,-1.,0.));
#2558=DIRECTION('',(1.,0.,0.));
#2559=DIRECTION('',(0.,-1.,0.));
#2560=DIRECTION('',(0.,0.,-1.));
#2561=DIRECTION('',(0.,-1.,0.));
#2562=DIRECTION('',(0.,0.,-1.));
#2563=DIRECTION('',(0.,-1.,0.));
#2564=DIRECTION('',(1.,0.,0.));
#2565=DIRECTION('',(0.,-1.,0.));
#2566=DIRECTION('',(0.,0.,-1.));
#2567=DIRECTION('',(0.,-1.,0.));
#2568=DIRECTION('',(0.,0.,-1.));
#2569=DIRECTION('',(0.,-1.,0.));
#2570=DIRECTION('',(1.,0.,0.));
#2571=DIRECTION('',(0.,1.,0.));
#2572=DIRECTION('',(0.,0.,1.));
#2573=DIRECTION('',(0.,-1.,0.));
#2574=DIRECTION('',(0.,0.,-1.));
#2575=DIRECTION('',(0.,-1.,0.));
#2576=DIRECTION('',(1.,0.,0.));
#2577=DIRECTION('',(0.,-1.,0.));
#2578=DIRECTION('',(0.,0.,-1.));
#2579=DIRECTION('',(0.,-1.,0.));
#2580=DIRECTION('',(0.,0.,-1.));
#2581=DIRECTION('',(0.,-1.,0.));
#2582=DIRECTION('',(0.,0.,-1.));
#2583=DIRECTION('',(0.,-1.,0.));
#2584=DIRECTION('',(0.,0.,-1.));
#2585=DIRECTION('',(0.,-1.,0.));
#2586=DIRECTION('',(0.,0.,-1.));
#2587=DIRECTION('',(0.,-1.,0.));
#2588=DIRECTION('',(0.,0.,-1.));
#2589=DIRECTION('',(0.,-1.,0.));
#2590=DIRECTION('',(1.,0.,0.));
#2591=DIRECTION('',(0.,-1.,0.));
#2592=DIRECTION('',(1.,0.,0.));
#2593=DIRECTION('',(0.,0.,1.));
#2594=DIRECTION('',(-1.52655665885959E-16,1.,0.));
#2595=DIRECTION('',(0.,0.,1.));
#2596=DIRECTION('',(1.,0.,0.));
#2597=DIRECTION('',(0.,0.,1.));
#2598=DIRECTION('',(7.63278329429795E-17,-1.,0.));
#2599=DIRECTION('',(0.,0.,1.));
#2600=DIRECTION('',(-1.,4.85722573273506E-16,0.));
#2601=DIRECTION('',(0.,0.,1.));
#2602=DIRECTION('',(1.,0.,0.));
#2603=DIRECTION('',(0.,-1.,0.));
#2604=DIRECTION('',(-1.,0.,0.));
#2605=DIRECTION('',(0.,-1.,0.));
#2606=DIRECTION('',(-1.,0.,0.));
#2607=DIRECTION('',(0.,-1.,0.));
#2608=DIRECTION('',(0.,0.,-1.));
#2609=DIRECTION('',(0.,0.,1.));
#2610=DIRECTION('',(-1.,0.,0.));
#2611=DIRECTION('',(0.,0.,-1.));
#2612=DIRECTION('',(-1.,0.,0.));
#2613=DIRECTION('',(0.,0.,-1.));
#2614=DIRECTION('',(0.,0.,-1.));
#2615=DIRECTION('',(-1.,0.,0.));
#2616=DIRECTION('',(0.,0.,-1.));
#2617=DIRECTION('',(1.,0.,0.));
#2618=DIRECTION('',(0.,0.,1.));
#2619=DIRECTION('',(-1.,0.,0.));
#2620=DIRECTION('',(0.,-1.,0.));
#2621=DIRECTION('',(0.,0.,-1.));
#2622=DIRECTION('',(-1.,0.,0.));
#2623=DIRECTION('',(0.,0.,-1.));
#2624=DIRECTION('',(0.,0.,-1.));
#2625=DIRECTION('',(-1.,0.,0.));
#2626=DIRECTION('',(0.,0.,-1.));
#2627=DIRECTION('',(-1.,0.,0.));
#2628=DIRECTION('',(0.,0.,1.));
#2629=DIRECTION('',(-1.,0.,0.));
#2630=DIRECTION('',(0.,0.,1.));
#2631=DIRECTION('',(1.,0.,0.));
#2632=DIRECTION('',(0.,0.,-1.));
#2633=DIRECTION('',(1.,0.,0.));
#2634=DIRECTION('',(0.,0.,-1.));
#2635=DIRECTION('',(0.,-1.,0.));
#2636=DIRECTION('',(1.,0.,0.));
#2637=DIRECTION('',(0.,0.,-1.));
#2638=DIRECTION('',(0.,-1.,0.));
#2639=DIRECTION('',(0.,-1.,0.));
#2640=DIRECTION('',(0.,0.,1.));
#2641=DIRECTION('',(1.,0.,0.));
#2642=DIRECTION('',(0.,0.,1.));
#2643=DIRECTION('',(1.,0.,0.));
#2644=DIRECTION('',(0.,-1.,0.));
#2645=DIRECTION('',(1.,0.,0.));
#2646=DIRECTION('',(0.,0.,-1.));
#2647=DIRECTION('',(0.,-1.,0.));
#2648=DIRECTION('',(-1.,0.,0.));
#2649=DIRECTION('',(0.,0.,1.));
#2650=DIRECTION('',(0.,-1.,0.));
#2651=DIRECTION('',(0.,0.,1.));
#2652=DIRECTION('',(1.,0.,0.));
#2653=DIRECTION('',(0.,-1.,0.));
#2654=DIRECTION('',(0.,0.,1.));
#2655=DIRECTION('',(1.,0.,0.));
#2656=DIRECTION('',(0.,-1.,0.));
#2657=DIRECTION('',(-1.,0.,0.));
#2658=DIRECTION('',(0.,0.,1.));
#2659=DIRECTION('',(0.,-1.,0.));
#2660=DIRECTION('',(0.,0.,-1.));
#2661=DIRECTION('',(-1.,0.,0.));
#2662=DIRECTION('',(0.,-1.,0.));
#2663=DIRECTION('',(1.,0.,0.));
#2664=DIRECTION('',(0.,0.,-1.));
#2665=DIRECTION('',(1.4423289353516E-30,8.74300631892314E-16,1.));
#2666=DIRECTION('',(-1.38777878078145E-17,1.,-8.74300631892314E-16));
#2667=DIRECTION('',(-1.,0.,0.));
#2668=DIRECTION('',(0.,0.,1.));
#2669=DIRECTION('',(0.,0.,-1.));
#2670=DIRECTION('',(0.,-1.,0.));
#2671=DIRECTION('',(0.,0.,-1.));
#2672=DIRECTION('',(0.,-1.,0.));
#2673=DIRECTION('',(3.46944695195362E-16,0.,-1.));
#2674=DIRECTION('',(-1.,0.,-3.46944695195362E-16));
#2675=DIRECTION('',(1.,0.,3.46944695195362E-16));
#2676=DIRECTION('',(1.,0.,3.46944695195362E-16));
#2677=DIRECTION('',(0.,-1.,0.));
#2678=DIRECTION('',(1.,0.,3.46944695195362E-16));
#2679=DIRECTION('',(3.46944695195362E-16,0.,-1.));
#2680=DIRECTION('',(-3.46944695195362E-16,0.,1.));
#2681=DIRECTION('',(-3.46944695195362E-16,0.,1.));
#2682=DIRECTION('',(0.,-1.,0.));
#2683=DIRECTION('',(0.,0.,1.));
#2684=DIRECTION('',(1.,0.,0.));
#2685=DIRECTION('',(-1.,0.,0.));
#2686=DIRECTION('',(-1.,0.,0.));
#2687=DIRECTION('',(0.,-1.,0.));
#2688=DIRECTION('',(1.,0.,0.));
#2689=DIRECTION('',(0.,-1.,0.));
#2690=DIRECTION('',(1.,0.,0.));
#2691=DIRECTION('',(0.,0.,1.));
#2692=DIRECTION('',(2.56739074444567E-16,-1.,0.));
#2693=DIRECTION('',(0.,0.,1.));
#2694=DIRECTION('',(2.56739074444567E-16,-1.,0.));
#2695=DIRECTION('',(0.,0.,1.));
#2696=DIRECTION('',(1.,0.,0.));
#2697=DIRECTION('',(0.,0.,1.));
#2698=DIRECTION('',(-1.04083408558608E-16,1.,0.));
#2699=DIRECTION('',(0.,0.,1.));
#2700=DIRECTION('',(1.,0.,0.));
#2701=DIRECTION('',(0.,0.,1.));
#2702=DIRECTION('',(1.,0.,0.));
#2703=CARTESIAN_POINT('',(0.,0.,0.));
#2704=CARTESIAN_POINT('',(-0.05,-0.0278340430629965,0.0136769166052869));
#2705=CARTESIAN_POINT('',(-0.05,-0.0278340430629965,0.0136769166052869));
#2706=CARTESIAN_POINT('',(-0.05,-0.0198657891548128,0.0136769166052869));
#2707=CARTESIAN_POINT('',(-0.05,-0.0341342108451873,0.0136769166052869));
#2708=CARTESIAN_POINT('',(-0.05,-0.0341342108451873,0.0136769166052869));
#2709=CARTESIAN_POINT('',(-0.025,-0.0341342108451873,0.0136769166052869));
#2710=CARTESIAN_POINT('',(-0.025,-0.0278340430629965,0.0136769166052869));
#2711=CARTESIAN_POINT('',(-0.025,-0.0198657891548128,0.0136769166052869));
#2712=CARTESIAN_POINT('',(-0.05,-0.0198657891548128,0.0136769166052869));
#2713=CARTESIAN_POINT('',(-6.93889390390723E-18,-0.002,0.025));
#2714=CARTESIAN_POINT('',(0.,-0.002,0.025));
#2715=CARTESIAN_POINT('',(0.,-0.002,0.02));
#2716=CARTESIAN_POINT('',(-0.025,-0.002,0.025));
#2717=CARTESIAN_POINT('',(-0.025,-0.002,0.0025));
#2718=CARTESIAN_POINT('',(-0.025,-0.002,0.0375));
#2719=CARTESIAN_POINT('',(0.,-0.002,0.0025));
#2720=CARTESIAN_POINT('',(0.025,-0.002,0.0025));
#2721=CARTESIAN_POINT('',(0.025,-0.002,0.0025));
#2722=CARTESIAN_POINT('',(0.025,-0.002,0.045));
#2723=CARTESIAN_POINT('',(0.02,-0.002,0.045));
#2724=CARTESIAN_POINT('',(0.02,-0.002,0.05));
#2725=CARTESIAN_POINT('',(-6.93889390390723E-18,-0.002,0.05));
#2726=CARTESIAN_POINT('',(-0.02,-0.002,0.05));
#2727=CARTESIAN_POINT('',(-0.02,-0.002,0.045));
#2728=CARTESIAN_POINT('',(-0.025,-0.002,0.045));
#2729=CARTESIAN_POINT('',(-0.025,-0.002,0.025));
#2730=CARTESIAN_POINT('',(-0.025,-0.002,0.025));
#2731=CARTESIAN_POINT('',(-0.025,-0.0035,0.0375));
#2732=CARTESIAN_POINT('',(-0.025,0.,0.0375));
#2733=CARTESIAN_POINT('',(-0.025,-0.002,0.045));
#2734=CARTESIAN_POINT('',(-0.025,0.,0.045));
#2735=CARTESIAN_POINT('',(-0.025,0.,0.025));
#2736=CARTESIAN_POINT('',(-0.0225,-0.002,0.));
#2737=CARTESIAN_POINT('',(-0.05,-0.002,0.));
#2738=CARTESIAN_POINT('',(-0.05,-0.054,0.));
#2739=CARTESIAN_POINT('',(-0.05,0.,0.));
#2740=CARTESIAN_POINT('',(-0.0225,0.,0.));
#2741=CARTESIAN_POINT('',(0.025,0.,0.));
#2742=CARTESIAN_POINT('',(0.025,-0.002,0.));
#2743=CARTESIAN_POINT('',(0.025,-0.054,0.));
#2744=CARTESIAN_POINT('',(-0.0225,-0.054,0.));
#2745=CARTESIAN_POINT('',(0.025,-0.002,0.0025));
#2746=CARTESIAN_POINT('',(0.025,0.,0.0025));
#2747=CARTESIAN_POINT('',(0.025,0.,0.045));
#2748=CARTESIAN_POINT('',(0.025,-0.002,0.045));
#2749=CARTESIAN_POINT('',(0.025,-0.052,0.0025));
#2750=CARTESIAN_POINT('',(0.025,-0.052,0.0025));
#2751=CARTESIAN_POINT('',(0.025,-0.052,0.0025));
#2752=CARTESIAN_POINT('',(0.025,-0.052,0.045));
#2753=CARTESIAN_POINT('',(0.025,-0.052,0.045));
#2754=CARTESIAN_POINT('',(0.025,-0.054,0.045));
#2755=CARTESIAN_POINT('',(0.025,-0.054,0.0025));
#2756=CARTESIAN_POINT('',(0.02,-0.002,0.045));
#2757=CARTESIAN_POINT('',(0.02,0.,0.045));
#2758=CARTESIAN_POINT('',(0.02,0.,0.05));
#2759=CARTESIAN_POINT('',(0.02,-0.002,0.05));
#2760=CARTESIAN_POINT('',(-6.93889390390723E-18,-0.002,0.05));
#2761=CARTESIAN_POINT('',(-6.93889390390723E-18,0.,0.05));
#2762=CARTESIAN_POINT('',(-0.02,0.,0.05));
#2763=CARTESIAN_POINT('',(-0.02,-0.002,0.05));
#2764=CARTESIAN_POINT('',(-0.02,-0.002,0.045));
#2765=CARTESIAN_POINT('',(-0.02,0.,0.045));
#2766=CARTESIAN_POINT('',(0.,-0.002,0.025));
#2767=CARTESIAN_POINT('',(0.,0.,0.025));
#2768=CARTESIAN_POINT('',(0.,0.,0.02));
#2769=CARTESIAN_POINT('',(-6.93889390390723E-18,0.,0.025));
#2770=CARTESIAN_POINT('',(-0.0375,0.,0.0275));
#2771=CARTESIAN_POINT('',(-0.0375,0.,0.0305));
#2772=CARTESIAN_POINT('',(-0.05,0.,0.025));
#2773=CARTESIAN_POINT('',(-0.05,0.,0.0375));
#2774=CARTESIAN_POINT('',(-0.05,0.,0.0375));
#2775=CARTESIAN_POINT('',(0.,-0.052,0.0025));
#2776=CARTESIAN_POINT('',(-0.025,-0.052,0.0025));
#2777=CARTESIAN_POINT('',(-0.025,-0.052,0.0025));
#2778=CARTESIAN_POINT('',(0.,-0.052,0.0025));
#2779=CARTESIAN_POINT('',(-0.025,-0.026,0.0225));
#2780=CARTESIAN_POINT('',(-0.025,-0.0134328945774064,0.0175));
#2781=CARTESIAN_POINT('',(-0.025,-0.007,0.0175));
#2782=CARTESIAN_POINT('',(-0.025,-0.0198657891548128,0.0175));
#2783=CARTESIAN_POINT('',(-0.025,-0.0198657891548128,0.0155884583026434));
#2784=CARTESIAN_POINT('',(-0.025,-0.0341342108451873,0.0155884583026434));
#2785=CARTESIAN_POINT('',(-0.025,-0.0341342108451873,0.0175));
#2786=CARTESIAN_POINT('',(-0.025,-0.0414011484855902,0.0175));
#2787=CARTESIAN_POINT('',(-0.025,-0.047,0.0175));
#2788=CARTESIAN_POINT('',(-0.025,-0.047,0.0275));
#2789=CARTESIAN_POINT('',(-0.025,-0.047,0.0375));
#2790=CARTESIAN_POINT('',(-0.025,-0.0495,0.0375));
#2791=CARTESIAN_POINT('',(-0.025,-0.052,0.0375));
#2792=CARTESIAN_POINT('',(-0.025,-0.052,0.01875));
#2793=CARTESIAN_POINT('',(-0.025,-0.0035,0.0375));
#2794=CARTESIAN_POINT('',(-0.025,-0.007,0.0375));
#2795=CARTESIAN_POINT('',(-0.025,-0.007,0.0275));
#2796=CARTESIAN_POINT('',(-0.05,-0.0035,0.0375));
#2797=CARTESIAN_POINT('',(-0.05,-0.0035,0.0375));
#2798=CARTESIAN_POINT('',(-0.05,-0.007,0.0375));
#2799=CARTESIAN_POINT('',(-0.05,-0.007,0.0375));
#2800=CARTESIAN_POINT('',(-0.05,-0.0495,0.0375));
#2801=CARTESIAN_POINT('',(-0.05,-0.047,0.0375));
#2802=CARTESIAN_POINT('',(-0.05,-0.047,0.0375));
#2803=CARTESIAN_POINT('',(-0.05,-0.0495,0.0375));
#2804=CARTESIAN_POINT('',(-0.05,-0.054,0.0375));
#2805=CARTESIAN_POINT('',(-0.05,-0.054,0.0375));
#2806=CARTESIAN_POINT('',(-0.025,-0.054,0.0375));
#2807=CARTESIAN_POINT('',(-0.025,-0.0505,0.0375));
#2808=CARTESIAN_POINT('',(-0.05,-0.047,0.0275));
#2809=CARTESIAN_POINT('',(-0.05,-0.047,0.0175));
#2810=CARTESIAN_POINT('',(-0.05,-0.047,0.0175));
#2811=CARTESIAN_POINT('',(-0.05,-0.047,0.0275));
#2812=CARTESIAN_POINT('',(-0.05,-0.0414011484855902,0.0175));
#2813=CARTESIAN_POINT('',(-0.05,-0.0341342108451873,0.0175));
#2814=CARTESIAN_POINT('',(-0.05,-0.0341342108451873,0.0175));
#2815=CARTESIAN_POINT('',(-0.05,-0.0414011484855902,0.0175));
#2816=CARTESIAN_POINT('',(-0.05,-0.0198657891548128,0.0155884583026434));
#2817=CARTESIAN_POINT('',(-0.05,-0.0198657891548128,0.0175));
#2818=CARTESIAN_POINT('',(-0.05,-0.0198657891548128,0.0175));
#2819=CARTESIAN_POINT('',(-0.05,-0.0198657891548128,0.0155884583026434));
#2820=CARTESIAN_POINT('',(-0.05,-0.0134328945774064,0.0175));
#2821=CARTESIAN_POINT('',(-0.05,-0.007,0.0175));
#2822=CARTESIAN_POINT('',(-0.05,-0.007,0.0175));
#2823=CARTESIAN_POINT('',(-0.05,-0.0134328945774064,0.0175));
#2824=CARTESIAN_POINT('',(-0.05,-0.007,0.0275));
#2825=CARTESIAN_POINT('',(-0.05,-0.007,0.0275));
#2826=CARTESIAN_POINT('',(-0.05,-0.026,0.0225));
#2827=CARTESIAN_POINT('',(-0.05,-0.054,0.025));
#2828=CARTESIAN_POINT('',(-0.05,-0.0341342108451873,0.0155884583026434));
#2829=CARTESIAN_POINT('',(-0.0375,-0.025,0.0275));
#2830=CARTESIAN_POINT('',(-0.0375,-0.002,0.0275));
#2831=CARTESIAN_POINT('',(-0.0375,-0.002,0.0305));
#2832=CARTESIAN_POINT('',(-6.93889390390723E-18,-0.002,0.025));
#2833=CARTESIAN_POINT('',(-0.05,-0.0341342108451873,0.0155884583026434));
#2834=CARTESIAN_POINT('',(-6.93889390390723E-18,-0.052,0.025));
#2835=CARTESIAN_POINT('',(0.,-0.052,0.025));
#2836=CARTESIAN_POINT('',(0.,-0.052,0.02));
#2837=CARTESIAN_POINT('',(-0.025,-0.052,0.025));
#2838=CARTESIAN_POINT('',(-0.025,-0.052,0.045));
#2839=CARTESIAN_POINT('',(-0.02,-0.052,0.045));
#2840=CARTESIAN_POINT('',(-0.02,-0.052,0.05));
#2841=CARTESIAN_POINT('',(-6.93889390390723E-18,-0.052,0.05));
#2842=CARTESIAN_POINT('',(0.02,-0.052,0.05));
#2843=CARTESIAN_POINT('',(0.02,-0.052,0.045));
#2844=CARTESIAN_POINT('',(-0.025,-0.052,0.025));
#2845=CARTESIAN_POINT('',(-0.025,-0.054,0.025));
#2846=CARTESIAN_POINT('',(-0.025,-0.054,0.045));
#2847=CARTESIAN_POINT('',(-0.025,-0.052,0.045));
#2848=CARTESIAN_POINT('',(0.02,-0.052,0.045));
#2849=CARTESIAN_POINT('',(0.02,-0.054,0.045));
#2850=CARTESIAN_POINT('',(0.02,-0.054,0.05));
#2851=CARTESIAN_POINT('',(0.02,-0.052,0.05));
#2852=CARTESIAN_POINT('',(-6.93889390390723E-18,-0.052,0.05));
#2853=CARTESIAN_POINT('',(-6.93889390390723E-18,-0.054,0.05));
#2854=CARTESIAN_POINT('',(-0.02,-0.054,0.05));
#2855=CARTESIAN_POINT('',(-0.02,-0.052,0.05));
#2856=CARTESIAN_POINT('',(-0.02,-0.052,0.045));
#2857=CARTESIAN_POINT('',(-0.02,-0.054,0.045));
#2858=CARTESIAN_POINT('',(0.,-0.052,0.025));
#2859=CARTESIAN_POINT('',(0.,-0.054,0.025));
#2860=CARTESIAN_POINT('',(0.,-0.054,0.02));
#2861=CARTESIAN_POINT('',(-6.93889390390723E-18,-0.054,0.025));
#2862=CARTESIAN_POINT('',(-0.0375,-0.054,0.0275));
#2863=CARTESIAN_POINT('',(-0.0375,-0.054,0.0305));
#2864=CARTESIAN_POINT('',(-0.0375,-0.029,0.0275));
#2865=CARTESIAN_POINT('',(-0.0375,-0.052,0.0275));
#2866=CARTESIAN_POINT('',(-0.0375,-0.052,0.0245));
#2867=CARTESIAN_POINT('',(-6.93889390390723E-18,-0.052,0.025));
#2868=CARTESIAN_POINT('',(-0.372232003740966,-0.0344173941724001,-0.0197670754134655));
#2869=CARTESIAN_POINT('',(-0.05,-0.026,0.0225));
#2870=CARTESIAN_POINT('',(-0.05,-0.049,0.01875));
#2871=CARTESIAN_POINT('',(-0.05,-0.049,0.015));
#2872=CARTESIAN_POINT('',(-0.05,-0.049,0.0355));
#2873=CARTESIAN_POINT('',(-0.05,-0.049,0.0355));
#2874=CARTESIAN_POINT('',(-0.05,-0.056,0.0355));
#2875=CARTESIAN_POINT('',(-0.05,-0.056,0.01875));
#2876=CARTESIAN_POINT('',(-0.05,-0.056,0.0375));
#2877=CARTESIAN_POINT('',(-0.05,-0.0495,0.0375));
#2878=CARTESIAN_POINT('',(-0.05,-0.047,0.0375));
#2879=CARTESIAN_POINT('',(-0.05,-0.047,0.0275));
#2880=CARTESIAN_POINT('',(-0.05,-0.047,0.0175));
#2881=CARTESIAN_POINT('',(-0.05,-0.0414011484855902,0.0175));
#2882=CARTESIAN_POINT('',(-0.05,-0.0358022969711804,0.0175));
#2883=CARTESIAN_POINT('',(-0.05,-0.0358022969711804,0.0155884583026434));
#2884=CARTESIAN_POINT('',(-0.05,-0.0358022969711804,0.0136769166052869));
#2885=CARTESIAN_POINT('',(-0.05,-0.0278340430629965,0.0136769166052869));
#2886=CARTESIAN_POINT('',(-0.05,-0.0198657891548128,0.0136769166052869));
#2887=CARTESIAN_POINT('',(-0.05,-0.0198657891548128,0.0155884583026434));
#2888=CARTESIAN_POINT('',(-0.05,-0.0198657891548128,0.0175));
#2889=CARTESIAN_POINT('',(-0.05,-0.0134328945774064,0.0175));
#2890=CARTESIAN_POINT('',(-0.05,-0.007,0.0175));
#2891=CARTESIAN_POINT('',(-0.05,-0.007,0.0275));
#2892=CARTESIAN_POINT('',(-0.05,-0.007,0.0375));
#2893=CARTESIAN_POINT('',(-0.05,-0.0035,0.0375));
#2894=CARTESIAN_POINT('',(-0.05,0.,0.0375));
#2895=CARTESIAN_POINT('',(-0.05,0.,0.025));
#2896=CARTESIAN_POINT('',(-0.05,0.,0.));
#2897=CARTESIAN_POINT('',(-0.05,-0.002,0.));
#2898=CARTESIAN_POINT('',(-0.05,-0.056,0.));
#2899=CARTESIAN_POINT('',(-0.05,-0.056,0.01875));
#2900=CARTESIAN_POINT('',(-0.05,-0.056,0.015));
#2901=CARTESIAN_POINT('',(-0.05,-0.049,0.015));
#2902=CARTESIAN_POINT('',(-6.93889390390723E-18,-0.056,0.025));
#2903=CARTESIAN_POINT('',(-0.0398617692038907,-0.056,0.0355));
#2904=CARTESIAN_POINT('',(-0.0297235384077814,-0.056,0.0355));
#2905=CARTESIAN_POINT('',(-0.0297235384077814,-0.056,0.02525));
#2906=CARTESIAN_POINT('',(-0.0297235384077814,-0.056,0.015));
#2907=CARTESIAN_POINT('',(-0.0398617692038907,-0.056,0.015));
#2908=CARTESIAN_POINT('',(-0.0225,-0.056,0.));
#2909=CARTESIAN_POINT('',(0.025,-0.056,0.));
#2910=CARTESIAN_POINT('',(0.025,-0.056,0.0025));
#2911=CARTESIAN_POINT('',(0.025,-0.056,0.0025));
#2912=CARTESIAN_POINT('',(0.,-0.056,0.0025));
#2913=CARTESIAN_POINT('',(-0.025,-0.056,0.0025));
#2914=CARTESIAN_POINT('',(-0.025,-0.056,0.01875));
#2915=CARTESIAN_POINT('',(-0.025,-0.056,0.0375));
#2916=CARTESIAN_POINT('',(-0.05,-0.056,0.0375));
#2917=CARTESIAN_POINT('',(-6.93889390390723E-18,-0.002,0.025));
#2918=CARTESIAN_POINT('',(0.,-0.002,0.025));
#2919=CARTESIAN_POINT('',(0.,-0.002,0.013));
#2920=CARTESIAN_POINT('',(-0.0155,-0.002,0.0405));
#2921=CARTESIAN_POINT('',(-0.0155,-0.002,0.0385));
#2922=CARTESIAN_POINT('',(0.0155,-0.002,0.0405));
#2923=CARTESIAN_POINT('',(0.0155,-0.002,0.0385));
#2924=CARTESIAN_POINT('',(0.0155,-0.002,0.0095));
#2925=CARTESIAN_POINT('',(0.0155,-0.002,0.0075));
#2926=CARTESIAN_POINT('',(-0.0155,-0.002,0.0095));
#2927=CARTESIAN_POINT('',(-0.0155,-0.002,0.0075));
#2928=CARTESIAN_POINT('',(-0.025,-0.002,0.025));
#2929=CARTESIAN_POINT('',(-0.025,-0.002,0.0025));
#2930=CARTESIAN_POINT('',(-0.025,-0.002,0.0375));
#2931=CARTESIAN_POINT('',(0.,-0.002,0.0025));
#2932=CARTESIAN_POINT('',(0.025,-0.002,0.0025));
#2933=CARTESIAN_POINT('',(0.025,-0.002,0.0025));
#2934=CARTESIAN_POINT('',(0.025,-0.002,0.045));
#2935=CARTESIAN_POINT('',(0.02,-0.002,0.045));
#2936=CARTESIAN_POINT('',(0.02,-0.002,0.05));
#2937=CARTESIAN_POINT('',(-6.93889390390723E-18,-0.002,0.05));
#2938=CARTESIAN_POINT('',(-0.02,-0.002,0.05));
#2939=CARTESIAN_POINT('',(-0.02,-0.002,0.045));
#2940=CARTESIAN_POINT('',(-0.025,-0.002,0.045));
#2941=CARTESIAN_POINT('',(-0.025,-0.002,0.025));
#2942=CARTESIAN_POINT('',(-0.025,-0.002,0.025));
#2943=CARTESIAN_POINT('',(-0.025,-0.0035,0.0375));
#2944=CARTESIAN_POINT('',(-0.025,0.,0.0375));
#2945=CARTESIAN_POINT('',(-0.025,-0.002,0.045));
#2946=CARTESIAN_POINT('',(-0.025,0.,0.045));
#2947=CARTESIAN_POINT('',(-0.025,0.,0.025));
#2948=CARTESIAN_POINT('',(-0.0225,-0.002,0.));
#2949=CARTESIAN_POINT('',(-0.0225,0.,0.));
#2950=CARTESIAN_POINT('',(0.025,0.,0.));
#2951=CARTESIAN_POINT('',(0.025,-0.002,0.));
#2952=CARTESIAN_POINT('',(0.025,-0.002,0.0025));
#2953=CARTESIAN_POINT('',(0.025,0.,0.0025));
#2954=CARTESIAN_POINT('',(0.025,0.,0.045));
#2955=CARTESIAN_POINT('',(0.025,-0.002,0.045));
#2956=CARTESIAN_POINT('',(0.025,-0.052,0.0025));
#2957=CARTESIAN_POINT('',(0.02,-0.002,0.045));
#2958=CARTESIAN_POINT('',(0.02,0.,0.045));
#2959=CARTESIAN_POINT('',(0.02,0.,0.05));
#2960=CARTESIAN_POINT('',(0.02,-0.002,0.05));
#2961=CARTESIAN_POINT('',(-6.93889390390723E-18,-0.002,0.05));
#2962=CARTESIAN_POINT('',(-6.93889390390723E-18,0.,0.05));
#2963=CARTESIAN_POINT('',(-0.02,0.,0.05));
#2964=CARTESIAN_POINT('',(-0.02,-0.002,0.05));
#2965=CARTESIAN_POINT('',(0.0155,-0.002,0.0095));
#2966=CARTESIAN_POINT('',(0.0155,0.,0.0095));
#2967=CARTESIAN_POINT('',(0.0155,0.,0.0075));
#2968=CARTESIAN_POINT('',(0.0155,-0.002,0.0405));
#2969=CARTESIAN_POINT('',(0.0155,0.,0.0405));
#2970=CARTESIAN_POINT('',(0.0155,0.,0.0385));
#2971=CARTESIAN_POINT('',(-0.0155,-0.002,0.0405));
#2972=CARTESIAN_POINT('',(-0.0155,0.,0.0405));
#2973=CARTESIAN_POINT('',(-0.0155,0.,0.0385));
#2974=CARTESIAN_POINT('',(0.,-0.002,0.025));
#2975=CARTESIAN_POINT('',(0.,0.,0.025));
#2976=CARTESIAN_POINT('',(0.,0.,0.013));
#2977=CARTESIAN_POINT('',(-0.02,-0.002,0.045));
#2978=CARTESIAN_POINT('',(-0.02,0.,0.045));
#2979=CARTESIAN_POINT('',(-0.0155,-0.002,0.0095));
#2980=CARTESIAN_POINT('',(-0.0155,0.,0.0095));
#2981=CARTESIAN_POINT('',(-0.0155,0.,0.0075));
#2982=CARTESIAN_POINT('',(-6.93889390390723E-18,0.,0.025));
#2983=CARTESIAN_POINT('',(-0.0375,0.,0.0275));
#2984=CARTESIAN_POINT('',(-0.0375,0.,0.0305));
#2985=CARTESIAN_POINT('',(-0.05,0.,0.0375));
#2986=CARTESIAN_POINT('',(0.,-0.052,0.0025));
#2987=CARTESIAN_POINT('',(-0.025,-0.052,0.0025));
#2988=CARTESIAN_POINT('',(-0.025,-0.026,0.0225));
#2989=CARTESIAN_POINT('',(-0.025,-0.0495,0.0375));
#2990=CARTESIAN_POINT('',(-0.025,-0.047,0.0375));
#2991=CARTESIAN_POINT('',(-0.025,-0.0035,0.0375));
#2992=CARTESIAN_POINT('',(-0.025,-0.007,0.0375));
#2993=CARTESIAN_POINT('',(-0.025,-0.007,0.0275));
#2994=CARTESIAN_POINT('',(-0.025,-0.007,0.0175));
#2995=CARTESIAN_POINT('',(-0.025,-0.0134328945774064,0.0175));
#2996=CARTESIAN_POINT('',(-0.025,-0.0198657891548128,0.0175));
#2997=CARTESIAN_POINT('',(-0.025,-0.0198657891548128,0.0155884583026434));
#2998=CARTESIAN_POINT('',(-0.025,-0.0198657891548128,0.0136769166052869));
#2999=CARTESIAN_POINT('',(-0.025,-0.0278340430629965,0.0136769166052869));
#3000=CARTESIAN_POINT('',(-0.025,-0.0358022969711804,0.0136769166052869));
#3001=CARTESIAN_POINT('',(-0.025,-0.0358022969711804,0.0155884583026434));
#3002=CARTESIAN_POINT('',(-0.025,-0.0358022969711804,0.0175));
#3003=CARTESIAN_POINT('',(-0.025,-0.0414011484855902,0.0175));
#3004=CARTESIAN_POINT('',(-0.025,-0.047,0.0175));
#3005=CARTESIAN_POINT('',(-0.025,-0.047,0.0275));
#3006=CARTESIAN_POINT('',(-0.05,-0.0035,0.0375));
#3007=CARTESIAN_POINT('',(-0.05,-0.007,0.0375));
#3008=CARTESIAN_POINT('',(-0.05,-0.0495,0.0375));
#3009=CARTESIAN_POINT('',(-0.05,-0.047,0.0375));
#3010=CARTESIAN_POINT('',(-0.05,-0.047,0.0275));
#3011=CARTESIAN_POINT('',(-0.05,-0.047,0.0175));
#3012=CARTESIAN_POINT('',(-0.05,-0.0414011484855902,0.0175));
#3013=CARTESIAN_POINT('',(-0.05,-0.0358022969711804,0.0175));
#3014=CARTESIAN_POINT('',(-0.05,-0.0358022969711804,0.0155884583026434));
#3015=CARTESIAN_POINT('',(-0.05,-0.0358022969711804,0.0136769166052869));
#3016=CARTESIAN_POINT('',(-0.05,-0.0278340430629965,0.0136769166052869));
#3017=CARTESIAN_POINT('',(-0.05,-0.0198657891548128,0.0136769166052869));
#3018=CARTESIAN_POINT('',(-0.05,-0.0198657891548128,0.0155884583026434));
#3019=CARTESIAN_POINT('',(-0.05,-0.0198657891548128,0.0175));
#3020=CARTESIAN_POINT('',(-0.05,-0.0134328945774064,0.0175));
#3021=CARTESIAN_POINT('',(-0.05,-0.007,0.0175));
#3022=CARTESIAN_POINT('',(-0.05,-0.007,0.0275));
#3023=CARTESIAN_POINT('',(-0.0375,-0.007,0.0275));
#3024=CARTESIAN_POINT('',(-0.0375,-0.007,0.0305));
#3025=CARTESIAN_POINT('',(-0.0375,-0.025,0.0275));
#3026=CARTESIAN_POINT('',(-0.0398617692038907,-0.049,0.0355));
#3027=CARTESIAN_POINT('',(-0.0398617692038907,-0.049,0.0355));
#3028=CARTESIAN_POINT('',(-0.0297235384077814,-0.049,0.0355));
#3029=CARTESIAN_POINT('',(-0.0297235384077814,-0.049,0.0355));
#3030=CARTESIAN_POINT('',(-0.0398617692038907,-0.049,0.015));
#3031=CARTESIAN_POINT('',(-0.0297235384077814,-0.049,0.015));
#3032=CARTESIAN_POINT('',(-0.0297235384077814,-0.049,0.015));
#3033=CARTESIAN_POINT('',(-0.0398617692038907,-0.049,0.015));
#3034=CARTESIAN_POINT('',(-0.0297235384077814,-0.049,0.02525));
#3035=CARTESIAN_POINT('',(-0.0297235384077814,-0.049,0.02525));
#3036=CARTESIAN_POINT('',(-0.0125,-0.049,0.01875));
#3037=CARTESIAN_POINT('',(0.0785020667482106,-0.375718246076773,-0.0256566401424915));
#3038=CARTESIAN_POINT('',(-0.0636451078504323,0.0196600180469454,0.0257850227244198));
#3039=CARTESIAN_POINT('',(0.02115,0.,0.0423));
#3040=CARTESIAN_POINT('',(0.02115,-0.02115,0.0423));
#3041=CARTESIAN_POINT('',(0.02115,-0.02115,0.0389201));
#3042=CARTESIAN_POINT('',(0.02115,-0.02115,0.0033799));
#3043=CARTESIAN_POINT('',(0.02115,0.02115,0.0033799));
#3044=CARTESIAN_POINT('',(0.02115,0.02115,0.0033799));
#3045=CARTESIAN_POINT('',(0.02115,0.02115,0.0423));
#3046=CARTESIAN_POINT('',(0.02115,0.02115,0.0389201));
#3047=CARTESIAN_POINT('',(0.02115,0.,0.0389201));
#3048=CARTESIAN_POINT('',(-3.46944695195361E-18,0.02115,0.0423));
#3049=CARTESIAN_POINT('',(0.0177701,0.02115,0.0033799));
#3050=CARTESIAN_POINT('',(0.0177701,0.02115,0.));
#3051=CARTESIAN_POINT('',(-3.46944695195361E-18,0.02115,0.));
#3052=CARTESIAN_POINT('',(-0.0177701,0.02115,0.));
#3053=CARTESIAN_POINT('',(-0.0177701,0.02115,0.0033799));
#3054=CARTESIAN_POINT('',(-0.02115,0.02115,0.0033799));
#3055=CARTESIAN_POINT('',(-0.02115,0.02115,0.0423));
#3056=CARTESIAN_POINT('',(-0.02115,0.02115,0.0389201));
#3057=CARTESIAN_POINT('',(-0.0177701,0.02115,0.0389201));
#3058=CARTESIAN_POINT('',(-0.0177701,0.02115,0.0423));
#3059=CARTESIAN_POINT('',(-3.46944695195361E-18,0.02115,0.0423));
#3060=CARTESIAN_POINT('',(0.0177701,0.02115,0.0423));
#3061=CARTESIAN_POINT('',(0.0177701,0.02115,0.0389201));
#3062=CARTESIAN_POINT('',(-0.02115,0.,0.0423));
#3063=CARTESIAN_POINT('',(-0.02115,0.,0.0033799));
#3064=CARTESIAN_POINT('',(-0.02115,-0.02115,0.0033799));
#3065=CARTESIAN_POINT('',(-0.02115,-0.02115,0.0423));
#3066=CARTESIAN_POINT('',(-0.02115,-0.02115,0.0389201));
#3067=CARTESIAN_POINT('',(-0.02115,0.02115,0.0389201));
#3068=CARTESIAN_POINT('',(3.46944695195361E-18,-0.02115,0.0423));
#3069=CARTESIAN_POINT('',(0.,-0.02115,0.02115));
#3070=CARTESIAN_POINT('',(0.,-0.02115,0.00915));
#3071=CARTESIAN_POINT('',(0.0157582176139539,-0.02115,0.03665));
#3072=CARTESIAN_POINT('',(0.0157582176139539,-0.02115,0.03515));
#3073=CARTESIAN_POINT('',(0.0157582176139539,-0.02115,0.00565));
#3074=CARTESIAN_POINT('',(0.0157582176139539,-0.02115,0.00415));
#3075=CARTESIAN_POINT('',(-0.0152417823860462,-0.02115,0.00565));
#3076=CARTESIAN_POINT('',(-0.0152417823860462,-0.02115,0.00415));
#3077=CARTESIAN_POINT('',(-0.0152417823860462,-0.02115,0.03665));
#3078=CARTESIAN_POINT('',(-0.0152417823860462,-0.02115,0.03515));
#3079=CARTESIAN_POINT('',(3.46944695195361E-18,-0.02115,0.));
#3080=CARTESIAN_POINT('',(0.0177701,-0.02115,0.));
#3081=CARTESIAN_POINT('',(-0.0177701,-0.02115,0.));
#3082=CARTESIAN_POINT('',(0.0177701,-0.02115,0.0033799));
#3083=CARTESIAN_POINT('',(0.0177701,-0.02115,0.0389201));
#3084=CARTESIAN_POINT('',(0.0177701,-0.02115,0.0423));
#3085=CARTESIAN_POINT('',(3.46944695195361E-18,-0.02115,0.0423));
#3086=CARTESIAN_POINT('',(-0.0177701,-0.02115,0.0423));
#3087=CARTESIAN_POINT('',(-0.0177701,-0.02115,0.0389201));
#3088=CARTESIAN_POINT('',(-0.0177701,-0.02115,0.0033799));
#3089=CARTESIAN_POINT('',(0.,0.,0.0423));
#3090=CARTESIAN_POINT('',(0.0177701,2.91500800382558E-18,0.0423));
#3091=CARTESIAN_POINT('',(-0.0177701,-0.02115,0.0423));
#3092=CARTESIAN_POINT('',(0.,0.,0.));
#3093=CARTESIAN_POINT('',(0.0177701,-0.02115,0.));
#3094=CARTESIAN_POINT('',(-0.0177701,-2.91500800382558E-18,0.));
#3095=CARTESIAN_POINT('',(0.0177701,2.91500800382558E-18,0.0033799));
#3096=CARTESIAN_POINT('',(0.0177701,-5.54438948128039E-19,0.0389201));
#3097=CARTESIAN_POINT('',(-0.0177701,5.54438948128039E-19,0.0033799));
#3098=CARTESIAN_POINT('',(-0.0177701,-2.91500800382558E-18,0.0389201));
#3099=CARTESIAN_POINT('',(-0.0152417823860462,-0.01615,0.03665));
#3100=CARTESIAN_POINT('',(-0.0152417823860462,-0.01615,0.03665));
#3101=CARTESIAN_POINT('',(-0.0152417823860462,-0.01615,0.03515));
#3102=CARTESIAN_POINT('',(3.46944695195361E-18,-0.01615,0.02115));
#3103=CARTESIAN_POINT('',(-0.0152417823860462,-0.01615,0.00565));
#3104=CARTESIAN_POINT('',(-0.0152417823860462,-0.01615,0.00565));
#3105=CARTESIAN_POINT('',(-0.0152417823860462,-0.01615,0.00415));
#3106=CARTESIAN_POINT('',(3.46944695195361E-18,-0.01615,0.02115));
#3107=CARTESIAN_POINT('',(0.0157582176139539,-0.01615,0.00565));
#3108=CARTESIAN_POINT('',(0.0157582176139539,-0.01615,0.00565));
#3109=CARTESIAN_POINT('',(0.0157582176139539,-0.01615,0.00415));
#3110=CARTESIAN_POINT('',(3.46944695195361E-18,-0.01615,0.02115));
#3111=CARTESIAN_POINT('',(0.0157582176139539,-0.01615,0.03665));
#3112=CARTESIAN_POINT('',(0.0157582176139539,-0.01615,0.03665));
#3113=CARTESIAN_POINT('',(0.0157582176139539,-0.01615,0.03515));
#3114=CARTESIAN_POINT('',(3.46944695195361E-18,-0.01615,0.02115));
#3115=CARTESIAN_POINT('',(0.,-0.02315,0.02115));
#3116=CARTESIAN_POINT('',(0.,-0.02315,0.02115));
#3117=CARTESIAN_POINT('',(0.,-0.02315,0.00915));
#3118=CARTESIAN_POINT('',(3.46944695195361E-18,-0.02315,0.02115));
#3119=CARTESIAN_POINT('',(0.,-0.02315,0.02115));
#3120=CARTESIAN_POINT('',(0.,-0.02315,0.01715));
#3121=CARTESIAN_POINT('',(0.,-0.02115,0.02115));
#3122=CARTESIAN_POINT('',(0.,-0.02115,0.02115));
#3123=CARTESIAN_POINT('',(0.,-0.02115,0.01765));
#3124=CARTESIAN_POINT('',(0.,-0.04815,0.02115));
#3125=CARTESIAN_POINT('',(0.,-0.04815,0.01765));
#3126=CARTESIAN_POINT('',(0.,-0.02115,0.02115));
#3127=CARTESIAN_POINT('',(0.,-0.02115,0.02115));
#3128=CARTESIAN_POINT('',(0.,-0.02115,0.01715));
#3129=CARTESIAN_POINT('',(0.,-0.02115,0.02115));
#3130=CARTESIAN_POINT('',(3.46944695195361E-18,-0.04815,0.02115));
#3131=CARTESIAN_POINT('',(-0.0844255486564227,0.0199208446390421,0.0291096274752281));
#3132=CARTESIAN_POINT('',(0.072975,0.040325,-0.017225));
#3133=CARTESIAN_POINT('',(-0.00825153576731678,-0.427712276732922,0.0197827946729958));
#3134=CARTESIAN_POINT('',(-0.366727977769443,-0.430066335107614,-0.0243433542344323));
#3135=CARTESIAN_POINT('',(0.,0.,0.));
#3136=CARTESIAN_POINT('',(0.0185,0.03,0.));
#3137=CARTESIAN_POINT('',(0.0185,0.025,0.));
#3138=CARTESIAN_POINT('',(0.0185,-0.025,0.));
#3139=CARTESIAN_POINT('',(0.,0.025,0.));
#3140=CARTESIAN_POINT('',(0.025,0.025,0.));
#3141=CARTESIAN_POINT('',(0.025,0.,0.));
#3142=CARTESIAN_POINT('',(0.025,-0.025,0.));
#3143=CARTESIAN_POINT('',(0.,-0.025,0.));
#3144=CARTESIAN_POINT('',(0.,0.025,0.025));
#3145=CARTESIAN_POINT('',(-0.0185,0.025,0.025));
#3146=CARTESIAN_POINT('',(-0.0185,0.025,0.));
#3147=CARTESIAN_POINT('',(-0.0185,0.025,0.005));
#3148=CARTESIAN_POINT('',(0.,0.025,0.));
#3149=CARTESIAN_POINT('',(-0.025,0.025,0.));
#3150=CARTESIAN_POINT('',(-0.025,0.025,0.025));
#3151=CARTESIAN_POINT('',(-0.025,0.025,0.025));
#3152=CARTESIAN_POINT('',(0.,0.025,0.025));
#3153=CARTESIAN_POINT('',(0.025,0.025,0.025));
#3154=CARTESIAN_POINT('',(0.025,0.025,0.025));
#3155=CARTESIAN_POINT('',(0.0185,0.025,0.025));
#3156=CARTESIAN_POINT('',(0.0185,0.025,0.005));
#3157=CARTESIAN_POINT('',(0.,0.025,0.005));
#3158=CARTESIAN_POINT('',(0.02,0.025,0.005));
#3159=CARTESIAN_POINT('',(0.02,0.025,0.025));
#3160=CARTESIAN_POINT('',(0.02,0.025,0.015));
#3161=CARTESIAN_POINT('',(0.,0.025,0.015));
#3162=CARTESIAN_POINT('',(-0.02,0.025,0.015));
#3163=CARTESIAN_POINT('',(-0.02,0.025,0.025));
#3164=CARTESIAN_POINT('',(-0.02,0.025,0.005));
#3165=CARTESIAN_POINT('',(0.,0.025,0.005));
#3166=CARTESIAN_POINT('',(0.,-0.025,0.025));
#3167=CARTESIAN_POINT('',(0.01925,-0.025,0.005));
#3168=CARTESIAN_POINT('',(0.02,-0.025,0.005));
#3169=CARTESIAN_POINT('',(0.0185,-0.025,0.005));
#3170=CARTESIAN_POINT('',(0.0185,-0.025,0.0025));
#3171=CARTESIAN_POINT('',(0.025,-0.025,0.025));
#3172=CARTESIAN_POINT('',(0.025,-0.025,0.025));
#3173=CARTESIAN_POINT('',(0.,-0.025,0.025));
#3174=CARTESIAN_POINT('',(-0.025,-0.025,0.025));
#3175=CARTESIAN_POINT('',(-0.025,-0.025,0.025));
#3176=CARTESIAN_POINT('',(-0.025,-0.025,0.));
#3177=CARTESIAN_POINT('',(0.,-0.025,0.));
#3178=CARTESIAN_POINT('',(-0.0185,-0.025,0.));
#3179=CARTESIAN_POINT('',(-0.0185,-0.025,0.0025));
#3180=CARTESIAN_POINT('',(-0.0185,-0.025,0.005));
#3181=CARTESIAN_POINT('',(-0.01925,-0.025,0.005));
#3182=CARTESIAN_POINT('',(-0.02,-0.025,0.005));
#3183=CARTESIAN_POINT('',(-0.02,-0.025,0.01));
#3184=CARTESIAN_POINT('',(-0.02,-0.025,0.015));
#3185=CARTESIAN_POINT('',(0.,-0.025,0.015));
#3186=CARTESIAN_POINT('',(0.02,-0.025,0.015));
#3187=CARTESIAN_POINT('',(0.02,-0.025,0.01));
#3188=CARTESIAN_POINT('',(0.025,0.,0.025));
#3189=CARTESIAN_POINT('',(0.025,0.,0.025));
#3190=CARTESIAN_POINT('',(-0.025,0.,0.025));
#3191=CARTESIAN_POINT('',(-0.025,0.,0.));
#3192=CARTESIAN_POINT('',(-0.025,0.,0.025));
#3193=CARTESIAN_POINT('',(0.,0.,0.025));
#3194=CARTESIAN_POINT('',(0.,0.,0.));
#3195=CARTESIAN_POINT('',(-0.0185,0.03,0.));
#3196=CARTESIAN_POINT('',(-0.0185,0.03,0.0025));
#3197=CARTESIAN_POINT('',(-0.0185,0.03,0.005));
#3198=CARTESIAN_POINT('',(0.0185,0.03,0.0025));
#3199=CARTESIAN_POINT('',(0.0185,0.03,0.005));
#3200=CARTESIAN_POINT('',(-0.01925,0.03,0.005));
#3201=CARTESIAN_POINT('',(-0.02,0.03,0.005));
#3202=CARTESIAN_POINT('',(0.01925,0.03,0.005));
#3203=CARTESIAN_POINT('',(0.02,0.03,0.005));
#3204=CARTESIAN_POINT('',(0.02,0.03,0.01));
#3205=CARTESIAN_POINT('',(0.02,0.03,0.015));
#3206=CARTESIAN_POINT('',(0.,0.03,0.015));
#3207=CARTESIAN_POINT('',(-0.02,0.03,0.015));
#3208=CARTESIAN_POINT('',(-0.02,0.03,0.01));
#3209=CARTESIAN_POINT('',(-0.0399929090123623,-0.00680308426320556,0.0025899635627866));
#3210=CARTESIAN_POINT('',(0.02,0.2,0.01));
#3211=CARTESIAN_POINT('',(0.02,-0.2,0.01));
#3212=CARTESIAN_POINT('',(0.02,-0.2,0.02));
#3213=CARTESIAN_POINT('',(0.02,-0.2,0.));
#3214=CARTESIAN_POINT('',(0.02,0.2,0.));
#3215=CARTESIAN_POINT('',(0.02,0.2,0.));
#3216=CARTESIAN_POINT('',(0.02,0.2,0.01));
#3217=CARTESIAN_POINT('',(0.02,0.2,0.02));
#3218=CARTESIAN_POINT('',(0.02,0.2,0.02));
#3219=CARTESIAN_POINT('',(0.,0.2,0.02));
#3220=CARTESIAN_POINT('',(0.,-0.2,0.02));
#3221=CARTESIAN_POINT('',(-0.02,-0.2,0.02));
#3222=CARTESIAN_POINT('',(0.,0.2,0.02));
#3223=CARTESIAN_POINT('',(-0.02,0.2,0.02));
#3224=CARTESIAN_POINT('',(-0.02,0.2,0.02));
#3225=CARTESIAN_POINT('',(-0.02,0.2,0.01));
#3226=CARTESIAN_POINT('',(-0.02,-0.2,0.01));
#3227=CARTESIAN_POINT('',(-0.02,-0.2,-5.20417042793042E-18));
#3228=CARTESIAN_POINT('',(-0.02,0.2,0.01));
#3229=CARTESIAN_POINT('',(-0.02,0.2,-5.20417042793042E-18));
#3230=CARTESIAN_POINT('',(-0.02,0.2,-5.20417042793042E-18));
#3231=CARTESIAN_POINT('',(3.46944695195361E-18,0.2,0.));
#3232=CARTESIAN_POINT('',(3.46944695195361E-18,-0.2,0.));
#3233=CARTESIAN_POINT('',(3.46944695195361E-18,0.2,0.));
#3234=CARTESIAN_POINT('',(0.,0.2,0.01));
#3235=CARTESIAN_POINT('',(0.,-0.2,0.01));
#3236=CARTESIAN_POINT('',(-0.14337519967662,-0.402683847908765,-0.00755540229319957));
#3237=CARTESIAN_POINT('',(-0.148879225648143,-0.00703490697355063,-0.00297912347223274));
#3238=CARTESIAN_POINT('',(0.0788030751585737,-0.355389089454833,-0.0221810128973069));
#3239=CARTESIAN_POINT('',(-0.0375079370141029,-0.402780127722025,-0.003));
#3240=CARTESIAN_POINT('',(0.0729980407766875,0.0199306948584411,-0.0210803613215246));
#3241=CARTESIAN_POINT('',(-0.0360035865604877,-0.204273850560188,0.041000000909723));
#3242=MECHANICAL_DESIGN_GEOMETRIC_PRESENTATION_REPRESENTATION('',(#1932,
#1933,#1934,#1935,#1936),#3243);
#3243=(
GEOMETRIC_REPRESENTATION_CONTEXT(3)
GLOBAL_UNCERTAINTY_ASSIGNED_CONTEXT((#3249))
GLOBAL_UNIT_ASSIGNED_CONTEXT((#3257,#3256,#3255))
REPRESENTATION_CONTEXT('Assembly 1','TOP_LEVEL_ASSEMBLY_PART')
);
#3244=(
GEOMETRIC_REPRESENTATION_CONTEXT(3)
GLOBAL_UNCERTAINTY_ASSIGNED_CONTEXT((#3250))
GLOBAL_UNIT_ASSIGNED_CONTEXT((#3257,#3256,#3255))
REPRESENTATION_CONTEXT('Part 1','COMPONENT_PART')
);
#3245=(
GEOMETRIC_REPRESENTATION_CONTEXT(3)
GLOBAL_UNCERTAINTY_ASSIGNED_CONTEXT((#3251))
GLOBAL_UNIT_ASSIGNED_CONTEXT((#3257,#3256,#3255))
REPRESENTATION_CONTEXT('Part 1','COMPONENT_PART')
);
#3246=(
GEOMETRIC_REPRESENTATION_CONTEXT(3)
GLOBAL_UNCERTAINTY_ASSIGNED_CONTEXT((#3252))
GLOBAL_UNIT_ASSIGNED_CONTEXT((#3257,#3256,#3255))
REPRESENTATION_CONTEXT('Part 1','COMPONENT_PART')
);
#3247=(
GEOMETRIC_REPRESENTATION_CONTEXT(3)
GLOBAL_UNCERTAINTY_ASSIGNED_CONTEXT((#3253))
GLOBAL_UNIT_ASSIGNED_CONTEXT((#3257,#3256,#3255))
REPRESENTATION_CONTEXT('Part 1','COMPONENT_PART')
);
#3248=(
GEOMETRIC_REPRESENTATION_CONTEXT(3)
GLOBAL_UNCERTAINTY_ASSIGNED_CONTEXT((#3254))
GLOBAL_UNIT_ASSIGNED_CONTEXT((#3257,#3256,#3255))
REPRESENTATION_CONTEXT('Part 1','COMPONENT_PART')
);
#3249=UNCERTAINTY_MEASURE_WITH_UNIT(LENGTH_MEASURE(1.E-8),#3257,
'DISTANCE_ACCURACY_VALUE','Maximum Tolerance applied to model');
#3250=UNCERTAINTY_MEASURE_WITH_UNIT(LENGTH_MEASURE(1.E-8),#3257,
'DISTANCE_ACCURACY_VALUE','Maximum Tolerance applied to model');
#3251=UNCERTAINTY_MEASURE_WITH_UNIT(LENGTH_MEASURE(1.E-8),#3257,
'DISTANCE_ACCURACY_VALUE','Maximum Tolerance applied to model');
#3252=UNCERTAINTY_MEASURE_WITH_UNIT(LENGTH_MEASURE(1.E-8),#3257,
'DISTANCE_ACCURACY_VALUE','Maximum Tolerance applied to model');
#3253=UNCERTAINTY_MEASURE_WITH_UNIT(LENGTH_MEASURE(1.E-8),#3257,
'DISTANCE_ACCURACY_VALUE','Maximum Tolerance applied to model');
#3254=UNCERTAINTY_MEASURE_WITH_UNIT(LENGTH_MEASURE(1.E-8),#3257,
'DISTANCE_ACCURACY_VALUE','Maximum Tolerance applied to model');
#3255=(
NAMED_UNIT(*)
SI_UNIT($,.STERADIAN.)
SOLID_ANGLE_UNIT()
);
#3256=(
NAMED_UNIT(*)
PLANE_ANGLE_UNIT()
SI_UNIT($,.RADIAN.)
);
#3257=(
LENGTH_UNIT()
NAMED_UNIT(*)
SI_UNIT($,.METRE.)
);
#3258=PRODUCT_DEFINITION_SHAPE('','',#3278);
#3259=PRODUCT_DEFINITION_SHAPE('','',#3279);
#3260=PRODUCT_DEFINITION_SHAPE(' ','NAUO PRDDFN',#24);
#3261=PRODUCT_DEFINITION_SHAPE('','',#3280);
#3262=PRODUCT_DEFINITION_SHAPE(' ','NAUO PRDDFN',#25);
#3263=PRODUCT_DEFINITION_SHAPE(' ','NAUO PRDDFN',#26);
#3264=PRODUCT_DEFINITION_SHAPE('','',#3281);
#3265=PRODUCT_DEFINITION_SHAPE(' ','NAUO PRDDFN',#27);
#3266=PRODUCT_DEFINITION_SHAPE(' ','NAUO PRDDFN',#28);
#3267=PRODUCT_DEFINITION_SHAPE(' ','NAUO PRDDFN',#29);
#3268=PRODUCT_DEFINITION_SHAPE(' ','NAUO PRDDFN',#30);
#3269=PRODUCT_DEFINITION_SHAPE('','',#3282);
#3270=PRODUCT_DEFINITION_SHAPE(' ','NAUO PRDDFN',#31);
#3271=PRODUCT_DEFINITION_SHAPE('','',#3283);
#3272=PRODUCT_DEFINITION_SHAPE(' ','NAUO PRDDFN',#32);
#3273=PRODUCT_DEFINITION_SHAPE(' ','NAUO PRDDFN',#33);
#3274=PRODUCT_DEFINITION_SHAPE(' ','NAUO PRDDFN',#34);
#3275=PRODUCT_DEFINITION_SHAPE(' ','NAUO PRDDFN',#35);
#3276=PRODUCT_DEFINITION_SHAPE(' ','NAUO PRDDFN',#36);
#3277=PRODUCT_DEFINITION_SHAPE(' ','NAUO PRDDFN',#37);
#3278=PRODUCT_DEFINITION('','',#3290,#3284);
#3279=PRODUCT_DEFINITION('','',#3291,#3285);
#3280=PRODUCT_DEFINITION('','',#3292,#3286);
#3281=PRODUCT_DEFINITION('','',#3293,#3287);
#3282=PRODUCT_DEFINITION('','',#3294,#3288);
#3283=PRODUCT_DEFINITION('','',#3295,#3289);
#3284=PRODUCT_DEFINITION_CONTEXT('',#3321,'design');
#3285=PRODUCT_DEFINITION_CONTEXT('',#3321,'design');
#3286=PRODUCT_DEFINITION_CONTEXT('',#3321,'design');
#3287=PRODUCT_DEFINITION_CONTEXT('',#3321,'design');
#3288=PRODUCT_DEFINITION_CONTEXT('',#3321,'design');
#3289=PRODUCT_DEFINITION_CONTEXT('',#3321,'design');
#3290=PRODUCT_DEFINITION_FORMATION_WITH_SPECIFIED_SOURCE('','',#3302,
 .NOT_KNOWN.);
#3291=PRODUCT_DEFINITION_FORMATION_WITH_SPECIFIED_SOURCE('','',#3303,
 .NOT_KNOWN.);
#3292=PRODUCT_DEFINITION_FORMATION_WITH_SPECIFIED_SOURCE('','',#3304,
 .NOT_KNOWN.);
#3293=PRODUCT_DEFINITION_FORMATION_WITH_SPECIFIED_SOURCE('','',#3305,
 .NOT_KNOWN.);
#3294=PRODUCT_DEFINITION_FORMATION_WITH_SPECIFIED_SOURCE('','',#3306,
 .NOT_KNOWN.);
#3295=PRODUCT_DEFINITION_FORMATION_WITH_SPECIFIED_SOURCE('','',#3307,
 .NOT_KNOWN.);
#3296=PRODUCT_RELATED_PRODUCT_CATEGORY('','',(#3302));
#3297=PRODUCT_RELATED_PRODUCT_CATEGORY('','',(#3303));
#3298=PRODUCT_RELATED_PRODUCT_CATEGORY('','',(#3304));
#3299=PRODUCT_RELATED_PRODUCT_CATEGORY('','',(#3305));
#3300=PRODUCT_RELATED_PRODUCT_CATEGORY('','',(#3306));
#3301=PRODUCT_RELATED_PRODUCT_CATEGORY('','',(#3307));
#3302=PRODUCT('Assembly 1','Assembly 1','Assembly 1',(#3314));
#3303=PRODUCT('Part 1','Part 1','Part 1',(#3315));
#3304=PRODUCT('Part 1','Part 1','Part 1',(#3316));
#3305=PRODUCT('Part 1','Part 1','Part 1',(#3317));
#3306=PRODUCT('Part 1','Part 1','Part 1',(#3318));
#3307=PRODUCT('Part 1','Part 1','Part 1',(#3319));
#3308=PRODUCT_CATEGORY('','');
#3309=PRODUCT_CATEGORY('','');
#3310=PRODUCT_CATEGORY('','');
#3311=PRODUCT_CATEGORY('','');
#3312=PRODUCT_CATEGORY('','');
#3313=PRODUCT_CATEGORY('','');
#3314=PRODUCT_CONTEXT('',#3321,'mechanical');
#3315=PRODUCT_CONTEXT('',#3321,'mechanical');
#3316=PRODUCT_CONTEXT('',#3321,'mechanical');
#3317=PRODUCT_CONTEXT('',#3321,'mechanical');
#3318=PRODUCT_CONTEXT('',#3321,'mechanical');
#3319=PRODUCT_CONTEXT('',#3321,'mechanical');
#3320=APPLICATION_PROTOCOL_DEFINITION('international standard',
'ap242_managed_model_based_3d_engineering',2020,#3321);
#3321=APPLICATION_CONTEXT('managed model based 3d engineering');
ENDSEC;
END-ISO-10303-21;
